Rank,EntryID,TeamName,Manager,Seasons,BestRank,LastRank,AvgRank,Tier,OverallScore,Sharpness,Consistency,Ranks_History,TotalPoints_History
1,2168452,Diesel FC,Sashe S,5,580,580,7403501.0,ELITE,95,70,15,9000137|10185704|7898819|9932263|580,460|1403|1739|1489|2459
2,214526,Go Kapit,ALEXANDER JONATHAN,8,2778,2778,254791.0,ELITE,90,70,10,507300|486730|203940|266871|44285|51481|474942|2778,2149|2161|2346|2416|2560|2517|2415|2427
3,63274,Kiukiu Fc,AIMAN MUSTAPA,12,1706,1706,950352.0,ELITE,90,70,10,2972882|2338488|821249|1468699|683656|810969|672971|403206|257439|472951|500013|1706,1269|1668|1958|1965|2121|2113|2238|2368|2475|2378|2411|2438
4,33078,MARZUKI MADI FC,MARZUKI MADI-EM-,15,6822,6822,446867.0,ELITE,90,70,10,415559|498473|1312646|614076|465783|373607|518762|1154010|231439|30802|357326|423081|204473|96146|6822,1904|1913|1927|1894|2036|2056|2095|2066|2217|2450|2383|2439|2443|2514|2408
5,139793,ChupkeChupke,Zaid Azman,13,3738,3738,1833842.0,ELITE,90,70,10,1765272|690121|1169596|2547593|4310782|1454024|1056896|1884283|676662|3390993|4768615|121369|3738,1787|1879|1910|1691|1589|2037|2083|2079|2296|2146|2002|2502|2421
6,47962,VK FC,Venkedesh Vk,5,5071,5071,461668.0,ELITE,90,70,10,1053663|403301|280904|565403|5071,2180|2368|2469|2401|2414
7,203593,ORANJE TULIPS,Aishah Mohd Shukuri,8,2253,2253,322496.0,ELITE,90,70,10,534892|645517|364216|432751|32430|250153|317753|2253,2144|2136|2300|2359|2571|2429|2445|2432
8,44788,JOHOR BAHRU FC,HARRIS HAZARD HAKIM,6,4439,36030,25276.0,ELITE,87,62,15,24118|4439|41438|25315|20317|36030,2460|2655|2563|2545|2577|2363
9,7727,Fpl_Newboy,Meor muhd,4,2879,2879,820161.0,ELITE,87,70,10,1998416|635591|643757|2879,2258|2351|2390|2427
10,683026,Offside by 1mm,Mohd Azizi Hazwan Hashim,5,4060,4060,1155384.0,ELITE,85,70,5,3879980|1200994|35325|656559|4060,1889|2333|2533|2388|2419
11,2609800,Adhwa Rizqy FC,Khairul Arif,7,3701,6063,201152.0,ELITE,85,70,5,559753|20601|125666|139886|552394|3701|6063,2149|2466|2487|2511|2364|2627|2410
12,3182537,Kick-a-poo,Sendeep Ruben,11,2513,2513,294792.0,ELITE,85,70,5,146658|445305|661385|308794|100349|148164|1033070|216989|128719|50764|2513,2038|2153|2071|2190|2266|2368|2227|2486|2472|2542|2429
13,2430992,FPL Legend,ADRI RAZAM,5,1856,4761,179031.0,ELITE,85,70,5,1856|90320|358940|439276|4761,2683|2532|2401|2421|2416
14,2011527,Song of the Sirens,Scott Summers,9,9748,32653,147772.0,ELITE,82,62,10,491013|179834|231003|23932|99482|115026|147256|9748|32653,2100|2230|2217|2460|2505|2521|2464|2600|2366
15,15314,Mainoo FC,Ted Lasso,12,3423,14464,1010643.0,ELITE,82,62,10,1220928|2329004|2055914|2125753|1848929|145325|2028846|275522|8149|71464|3423|14464,1952|1552|1741|1887|2003|2245|2063|2413|2612|2503|2629|2389
16,46286,Victorious Secret,Queen Gambit,14,6884,34880,258222.0,SHARP,77,62,5,252084|194939|1787303|6884|21961|279587|350142|31912|25914|123086|22031|25288|459093|34880,1914|1985|1605|2215|2229|2086|2180|2318|2457|2489|2584|2545|2418|2364
17,3397346,Oud Maracuja,Muhammad al-Fateh,19,9002,22247,380271.0,SHARP,77,62,5,1547548|449851|256393|482720|528195|259481|858906|932169|841598|735262|10847|10664|20401|95301|32084|80285|9002|52191|22247,891|1729|2074|1840|1872|1986|2046|1833|1965|1974|2311|2382|2335|2395|2574|2537|2576|2541|2377
18,3336885,Navigare Gaerne,Josh Lee,9,5538,16086,1999316.0,SHARP,77,62,5,5573864|5724001|5565039|5538|501178|159065|315204|133873|16086,863|1320|1667|2510|2339|2504|2411|2497|2386
19,163649,Mapei Quick Step,Faris Zain,18,611,44218,81709.0,SHARP,77,62,5,12000|611|10308|32280|3012|138692|18916|11102|69433|60577|51830|520997|8990|134840|192647|95829|64476|44218,2032|2464|2109|2115|2266|2264|2163|2255|2198|2239|2307|2155|2495|2481|2493|2488|2532|2356
20,736500,RedRum FC,Jason See,10,6307,18428,377212.0,SHARP,77,62,5,2454974|13051|534488|52700|503258|6307|9703|111748|67459|18428,1705|2304|2144|2297|2269|2643|2607|2480|2530|2382
21,3202902,Fantasy Goat,Nadhrah Azmi,5,7692,66338,117256.0,SHARP,76,56,10,7692|86371|227915|197966|66338,2636|2534|2435|2475|2342
22,20167,Patin Tempoyok,hzr zmr,5,4054,50508,83252.0,SHARP,76,56,10,4054|74794|164426|122480|50508,2658|2540|2457|2502|2352
23,68172,Kaito,bukan starplayer,7,3086,305554,344602.0,SHARP,75,50,15,286994|748708|381230|3086|400505|286138|305554,2202|2225|2375|2635|2392|2452|2274
24,1768679,Yonezawa Blues Club,ajib aji,14,28336,28336,507665.0,SHARP,72,52,10,699760|149383|529684|671390|514471|556518|1694631|903990|111456|402587|150423|564248|130428|28336,1865|2258|1912|1995|2020|2088|2016|2101|2386|2368|2507|2362|2498|2370
25,46343,Kreen FC,M FIRDAUSSAZWAN M,13,16397,16397,846596.0,SHARP,72,52,10,1792807|1031255|1038198|1501633|666466|2154750|386032|737641|114938|544520|114187|906923|16397,1604|1815|1932|1849|2070|1978|2180|2227|2494|2417|2479|2358|2386
26,3201674,Amorim FC,Irsyad Zukifli,8,14986,14986,1540639.0,SHARP,72,52,10,950517|846886|1777032|1655152|3573862|1827399|1679280|14986,1810|2049|1668|1826|1860|2228|2286|2388
27,118897,KOTA SAMARAHAN FC,ALEXANDER ANAK JONATHAN,7,20022,20022,408702.0,SHARP,72,52,10,672494|432218|875402|85616|183236|591928|20022,2132|2284|2255|2534|2450|2397|2380
28,32299,AK FC,Azrul N. Kamarul,19,15726,15726,447487.0,SHARP,72,52,10,1455113|663199|53891|904424|1209343|420523|314151|1026432|121793|377134|434796|425550|179768|41445|147161|352518|109875|249405|15726,1150|1656|2228|1731|1709|1934|2193|1816|2141|2055|2111|2164|2233|2437|2474|2453|2481|2461|2387
29,159618,Leo,Iman 이만,5,45077,45077,192069.0,SHARP,72,52,10,84709|137475|175107|517977|45077,2516|2512|2453|2408|2355
30,153135,Sabai FC,Azizul Omar,20,15289,48181,853372.0,SHARP,72,52,10,220877|241937|502718|511901|360699|1463745|1582856|1882332|2050399|456957|1541120|596341|2448079|2264973|243399|18646|15289|147256|469725|48181,1723|1959|1710|1968|1876|1648|1663|1748|1612|2038|1843|2081|1954|1968|2333|2600|2595|2464|2416|2353
31,20687,TR25,Thines Rau,10,1830,72579,144821.0,SHARP,71,56,5,715898|1830|142119|230797|111827|74771|86729|7638|4024|72579,1978|2366|2246|2217|2386|2525|2534|2581|2625|2339
32,849375,JOEKERES,HILMI JOHARI JOHAR MFFM,9,2511,87870,767810.0,SHARP,71,56,5,5552373|89109|586149|104361|294304|2511|86582|107028|87870,905|2276|2145|2390|2406|2640|2494|2509|2332
33,124850,D'Pinggiran,Md Mahil,7,1742,465635,491163.0,SHARP,70,50,10,1077607|452811|529580|160946|749819|1742|465635,2081|2280|2332|2504|2335|2646|2249
34,299457,JONAS XI,HILMI JOHARI JOHAR,20,2295,427551,245742.0,SHARP,70,50,10,461113|619023|63858|16211|469123|510747|208627|537999|85715|59037|139342|31096|57128|579862|121658|299330|2295|95428|129700|427551,1579|1769|1934|2310|1844|1877|2007|2128|2069|2183|2147|2270|2302|2146|2381|2404|2642|2489|2499|2254
35,679357,Ikan Jacquet,Yusuf Arif Zainal,14,4200,389019,939244.0,SHARP,70,50,10,1430536|129120|538032|1045594|2247464|966917|1372558|1631523|792159|811901|1468604|321788|4200|389019,1191|1877|1958|1695|1402|1806|1750|1830|1963|2113|2306|2410|2624|2260
36,6259,JEBAT,QADIR JUFFREY,10,7263,200566,186244.0,SHARP,70,50,10,65898|176541|95026|137070|131794|406960|210985|430332|7263|200566,2202|2179|2272|2249|2376|2367|2488|2386|2609|2296
37,646946,SIMUNJAN FC,SENAI DER NAIRY,16,2584,115857,1437336.0,SHARP,70,50,10,2051615|1863153|50865|163196|235604|1746256|2088174|116540|1826314|2584|2795048|1477345|2099707|3650334|2714781|115857,1296|1442|2088|2029|2221|1675|1733|2204|2005|2400|1982|2159|2249|2091|2209|2321
38,2215171,GC05 FC,Mohd Helmu,4,19808,19808,3140346.0,SHARP,69,52,10,4005793|3233775|5302009|19808,1877|2122|2018|2381
39,18832,Peaky Blinders,Tax Collector,4,10584,10584,71811.0,SHARP,69,52,10,64686|152653|59320|10584,2546|2462|2536|2397
40,57630,Fantastica FC,Muhammad Mutaza,7,18371,18371,430945.0,SHARP,67,52,5,1627404|244057|109836|884670|108264|24016|18371,2025|2333|2498|2369|2482|2571|2382
41,25831,Majja FC,Ramarao T,10,11173,34716,730536.0,SHARP,67,52,5,3446349|74135|1124049|432285|172794|369392|11173|11292|1629170|34716,1518|2229|2069|2171|2358|2379|2603|2570|2290|2364
42,19296,VV21,Visha Thines,6,16924,35352,1390526.0,SHARP,67,52,5,8045421|175640|36464|33356|16924|35352,532|2458|2567|2535|2583|2363
43,696721,JohnMalayaRF,Imran Sah,7,11847,44218,1310651.0,SHARP,67,52,5,7561532|454630|381330|311860|409138|11847|44218,258|2279|2375|2462|2390|2594|2356
44,3204161,Steinbek,WR FS,5,15247,15247,2225157.0,SHARP,67,52,5,290120|10232595|413726|174097|15247,2407|1389|2389|2482|2388
45,183831,Milenia Vip,Famous Kacha,10,24098,24098,1573157.0,SHARP,67,52,5,3986697|153340|955958|87569|195902|8725163|1403013|164426|35403|24098,1279|2188|2087|2273|2349|979|2312|2457|2556|2375
46,26809,DOKUmentary,Duo Berbisa,2,25857,25857,4953638.0,SHARP,67,52,10,9881418|25857,1500|2373
47,100956,Red Devils Reborn,Thaneshwaran Parmasivam,3,6774,437461,210644.0,SHARP,67,50,10,187696|6774|437461,2449|2611|2253
48,207469,LONG PASIA FC,AISHAH MOHD SHUKURI,10,16214,16214,1044055.0,SHARP,67,52,5,4230769|1204171|2766169|300787|324758|134392|241938|627299|594057|16214,905|1997|1928|2199|2310|2482|2479|2352|2397|2386
49,28283,KAMPAR FC,MOHD FAIZAL OTHMAN,14,3657,597562,450546.0,SHARP,65,45,10,629435|1305463|1136610|316521|1192909|218263|291742|32589|3657|318020|111198|30860|122812|597562,1881|1929|1795|2072|1896|2164|2194|2317|2522|2397|2523|2538|2502|2232
50,239285,Girls Power,Bea Yeoh,10,4715,181320,1328636.0,SHARP,65,50,5,4149765|5259186|121736|4715|196284|32207|23336|1020774|2297041|181320,1074|1277|2256|2382|2349|2574|2582|2302|2239|2301
51,245994,Genius on Paper,KC Wong,9,8038,145721,232988.0,SHARP,65,50,5,17742|152909|8038|101836|174741|115315|1202253|178337|145721,2292|2241|2366|2391|2459|2521|2283|2481|2311
52,349253,Scoring Machine,Memphis W,10,7024,449804,1724347.0,SHARP,65,50,5,4115008|5205163|1013553|7024|102161|455766|1758286|3295040|841667|449804,1133|1316|2081|2370|2391|2352|2279|2118|2365|2251
53,27169,TRI16,Mack Sparrow,5,5838,192399,1812509.0,SHARP,65,50,5,8761915|32288|70105|5838|192399,930|2571|2504|2615|2298
54,3176709,3 Hero,Farah Zulhilmi,7,354,408207,1500028.0,SHARP,65,50,5,7201973|786787|1831383|354|135788|135705|408207,938|2219|2112|2681|2469|2496|2257
55,1651250,Fairy Tails,Natsu Dragneel,19,8157,794056,654583.0,SHARP,65,45,10,354374|534685|365568|173373|1144549|449799|1193140|971091|8157|980676|686484|1874969|504747|219504|440862|602219|297154|841667|794056,1899|1699|2025|1947|1724|1926|1960|1826|2266|1930|2067|2001|2158|2341|2356|2408|2416|2365|2210
56,400639,KOTALAMA FC,ISM KLOPP,15,1173,571862,313626.0,SHARP,65,45,10,110939|224412|5922|252411|146111|1173|125775|11061|272071|852496|200806|748299|173041|1008017|571862,2033|2000|2419|1986|2130|2389|2200|2381|2206|2209|2446|2387|2454|2347|2235
57,67279,CHEMOMOI FC,SHAH RIZAL,20,1601,888326,888305.0,SHARP,65,45,10,1601|414196|26435|561109|342358|1345085|2173931|297826|418326|935904|904531|33826|1488697|2842093|1376850|677705|694300|1222905|1120097|888326,2053|1869|1990|1950|1882|1677|1464|2198|1938|1949|1943|2266|2034|1920|2138|2296|2394|2281|2335|2201
58,310091,PEKAN FC,HILMI JJ,11,4431,231607,439903.0,SHARP,65,50,5,3201009|68854|34975|65884|612195|104361|299330|4431|86582|129700|231607,1400|2199|2265|2294|2141|2390|2404|2627|2494|2499|2289
59,1531,SEGAMAT FC,AHMAD FARHAN,20,5439,174087,119221.0,SHARP,65,50,5,31610|20325|47061|125689|108392|105395|22843|217266|16051|87846|5439|535994|83478|117049|14046|183169|62326|103015|323330|174087,1909|2164|1955|2154|1983|2037|2168|2228|2172|2161|2333|2092|2280|2258|2480|2455|2548|2485|2444|2303
60,103776,Sentinel,Wei Lip Teo,18,9171,378629,429114.0,SHARP,65,50,5,725842|117811|39794|320103|434348|189679|47938|876610|2364029|133022|460238|190984|171575|81129|9852|9171|1173306|378629,1635|2160|2044|1935|1930|2239|2107|1959|1720|2196|2157|2229|2358|2519|2607|2576|2330|2261
61,18232,KELANA JAYA FC,AGENT ZERO,11,4920,364742,522629.0,SHARP,65,50,5,3636793|220704|4920|305476|125947|7310|60288|371968|148248|502526|364742,771|2108|2338|2191|2254|2502|2539|2449|2464|2411|2264
62,15144,Redeem Team,Omar Azman - Allstár -,18,522,217840,164821.0,SHARP,65,50,5,111469|360591|522|122930|37829|123773|48283|6039|220704|5525|58139|110655|1247|141131|386631|220728|792749|217840,1890|2027|2213|2025|2137|2272|2107|2277|2108|2334|2301|2261|2551|2478|2446|2438|2371|2292
63,43736,Lizard King,Ismail Harris,9,6227,209455,149114.0,SHARP,65,50,5,31034|297068|29043|6227|98167|132685|35693|502652|209455,2270|2193|2322|2507|2506|2514|2532|2411|2294
64,2018821,NZRedS,Mozu Haizal,8,7365,192399,481303.0,SHARP,65,50,5,2032611|447446|204200|405450|7365|73314|487641|192399,1988|2168|2346|2367|2614|2502|2413|2298
65,32616,Team Nurin,Nurin Rosli,14,622,870394,310636.0,SHARP,65,45,10,327081|47435|202992|653733|78341|622|325288|411622|39989|12917|630620|257309|490566|870394,1962|2330|2004|1999|2190|2396|2186|2175|2439|2616|2404|2427|2413|2203
66,3201458,Sepuluh Hag FC,Sam Jr,7,7021,236258,964881.0,SHARP,65,50,5,3383015|1797601|1202660|85811|7021|41802|236258,1875|2088|2199|2534|2583|2550|2288
67,2431496,FPL Cartel,El Chapo,5,6799,143312,41322.0,SHARP,65,50,5,33578|10448|6799|12474|143312,2572|2605|2584|2593|2312
68,160573,FPL Hakim,Muhammad Amirul Hakim Bin Hasmadi,5,82,222528,1576012.0,SHARP,65,50,5,7002681|160745|494025|82|222528,1560|2504|2374|2709|2291
69,30469,Fazri's Team,Fazri Shamsudin,6,692,260709,459304.0,SHARP,65,50,5,804184|1370341|59258|692|260641|260709,2114|2139|2540|2667|2426|2283
70,4959,TUAH,QAYS LUQMAN,10,44898,318190,225582.0,SHARP,65,40,15,107601|476015|228245|44898|309863|54719|254488|207946|253859|318190,2167|2103|2213|2304|2314|2545|2476|2442|2460|2272
71,15839,Moneyballing FC,Daniel Kesevan Vijasangar,12,6487,753820,1474628.0,SHARP,65,45,10,1324958|2944192|2072986|1927389|3277035|507362|4239357|474539|6487|136523|30886|753820,1759|1489|1764|1910|1883|2157|1829|2347|2618|2469|2562|2214
72,92352,Hang Nadim,Pekeri Mohamed,17,8854,807312,609920.0,SHARP,65,45,10,683869|132859|965616|729421|1591843|933244|1533159|1548056|454832|247639|125229|216724|41381|270650|8854|77944|807312,1907|1968|1765|1858|1844|1833|1848|1842|2107|2207|2254|2342|2561|2472|2577|2524|2209
73,1772,Fernando Torres FC,Fernando Torres,5,2013,130155,31134.0,SHARP,65,50,5,7833|2013|5840|9827|130155,2635|2645|2588|2600|2316
74,39424,SEGAMBUT FC,MUHAMMAD HAFIZ ABD RAHMAN,15,5078,555787,984937.0,SHARP,65,45,10,2406985|1590849|387803|326124|769631|567878|1528000|1040937|2162171|5078|221743|1191785|1732434|286854|555787,1317|1661|2170|1963|1978|2008|1958|2078|1977|2513|2436|2334|2236|2452|2237
75,212810,URAVITY,AISHA 爱莎,6,9989,312918,942782.0,SHARP,65,50,5,969005|590721|9989|3763794|10268|312918,2192|2316|2606|2082|2599|2273
76,162332,COLE PALMER,N Iman,5,51852,60996,117051.0,SHARP,63,38,15,109993|187414|51852|175002|60996,2497|2495|2517|2482|2345
77,332691,Cap Ayam,eisac sagiman,20,2019,3898515,1056597.0,SHARP,62,42,10,988140|1102421|1492595|1627917|1068277|203877|1111024|317984|362711|51148|2019|1335620|434877|544251|265081|1504199|1232199|1055054|2534032|3898515,1159|1497|1321|1568|1689|1981|1775|2191|1952|2190|2370|1981|2162|2151|2326|2155|2329|2298|2222|2008
78,3641402,27 Belalang Tempur,Pak Belalang,6,9643,1280975,407784.0,SHARP,62,42,10,214948|9643|346417|336336|258387|1280975,2342|2627|2454|2406|2458|2167
79,649902,Trigona fc,Freddy Primus Fs chin,10,6473,2284552,906124.0,SHARP,62,42,10,1730881|885564|100748|6473|370569|168325|1462992|729545|1321589|2284552,1815|2038|2268|2373|2298|2462|2306|2337|2316|2099
80,82032,Arkham Ravens FC,Zakaria Idris,5,679,4085022,2275020.0,SHARP,62,42,10,1038889|679|4438265|1812247|4085022,2226|2668|2029|2275|1998
81,97161,Defender FC,Areola Grande,7,17376,162756,283519.0,SHARP,60,40,10,726282|248665|455566|186558|187429|17376|162756,2124|2331|2352|2495|2449|2582|2306
82,105181,Corner FC,Cameroon Diaz,14,35940,236498,610148.0,SHARP,60,40,10,268124|949567|78114|1491535|581404|995086|1510139|1348009|264953|374738|238972|35940|168996|236498,1908|1769|2087|1875|1901|1939|2032|2052|2326|2377|2480|2532|2484|2288
83,267747,Seriemas Utd,Effendy Abd Rahman,15,4863,759529,624224.0,SHARP,60,45,5,173741|239517|265366|687878|4863|55817|233655|645235|948492|115907|1175442|376821|1127390|2553702|759529,1996|1994|2210|1880|2284|2213|2160|2127|2096|2384|2204|2448|2291|2221|2214
84,110504,RR's Galacticos,Rakesh Rao,10,477,729326,636295.0,SHARP,60,45,5,1323077|1705992|1719255|491577|205003|127632|10835|49772|477|729326,1876|1937|2014|2160|2346|2486|2604|2519|2674|2217
85,2830,SIMPANG PULAI FC,FAIQ AIZAD,12,26230,472855,188675.0,SHARP,60,40,10,161158|99187|26230|91767|41929|29855|43751|224584|181631|330109|561046|472855,2022|2154|2258|2218|2319|2321|2435|2435|2497|2408|2402|2248
86,56632,Goals N Roses,Axl Rose,6,37086,274596,128092.0,SHARP,60,40,10,133843|160274|37086|118261|44494|274596,2375|2467|2567|2477|2548|2280
87,28999,KUANTAN FC,AAZ AZHAR,10,14838,323772,259828.0,SHARP,60,40,10,38163|14838|174759|330200|92698|588504|554129|50033|431188|323772,2236|2299|2232|2192|2397|2317|2416|2519|2423|2271
88,28684,RUSTY BRAIN FC,ALFONSO SDKN,19,2723,536635,281317.0,SHARP,60,45,5,5338|2723|3626|11688|42234|182582|157687|459986|865716|1531960|1080307|28318|40621|61573|43281|35562|192140|63043|536635,2004|2248|2084|2329|2041|1991|2254|1928|1961|1844|2012|2338|2308|2418|2558|2568|2447|2533|2239
89,3210063,Final Season,Muhammad Adri,5,16830,279335,184059.0,SHARP,60,40,10,33023|16830|372767|218338|279335,2573|2592|2398|2469|2279
90,3206049,Netflix & Chilwell,Muhammad Afif,5,25919,227831,109475.0,SHARP,60,40,10,48076|26684|25919|218864|227831,2552|2578|2544|2469|2290
91,7263,KASTURI,QISYA ALEENA,10,7601,777826,208832.0,SHARP,60,45,5,7601|34318|87657|56559|28033|124843|677820|250316|43345|777826,2319|2266|2277|2294|2454|2488|2397|2429|2549|2212
92,3582,Blaze FC,Kuganesh Santhiren,13,17631,300522,998782.0,SHARP,60,40,10,699965|1707507|435052|429557|2174539|3090128|2503649|1179770|236287|115472|17631|94082|300522,2086|1683|2043|2041|1881|1900|1948|2163|2429|2521|2557|2515|2275
93,616939,Loca FC,arai oh arai,11,8421,729326,666421.0,SHARP,60,45,5,364853|57110|257616|241130|339531|8421|211030|11689|3669344|1440581|729326,2059|2211|2153|2209|2190|2497|2441|2602|2090|2306|2217
94,74184,Katsurada,Redzuan Zakariah,6,83867,83867,5703443.0,SOLID,58,38,10,7428460|8822690|11322336|2525093|4038214|83867,1242|838|321|2175|2118|2334
95,31048,PortoLoqos,Ms Eryna,4,13455,73063,2501467.0,SOLID,58,46,5,9893431|13455|25919|73063,1478|2565|2568|2339
96,317637,Bola Bola FC,Satheesh Rao,10,68762,68762,1407769.0,SOLID,58,38,10,2297978|987630|2641538|2573698|2038533|581017|767181|1866526|254824|68762,1679|1929|1822|1942|2062|2318|2384|2225|2459|2341
97,702883,LABU FC,FALIN 74 DB2,4,43928,87181,459388.0,SOLID,58,46,5,1633017|73425|43928|87181,2290|2502|2548|2332
98,18146,Captain Tak Jadi,Akmal Nurmadzi,14,53036,53036,989078.0,SOLID,58,38,10,2037355|562649|1838749|1470474|2510268|558013|1349794|256673|134151|955016|401030|795354|924532|53036,1522|2121|1656|1859|1697|2088|2047|2210|2375|2241|2443|2329|2356|2350
99,143403,FPL YOLO,NAGESWARAN PONNNUDURAI,3,42182,280682,155167.0,SOLID,57,40,10,42182|142637|280682,2526|2494|2279
100,694889,BLINK TWICE FC,Khalid Harith,10,4730,4386479,1117948.0,SOLID,57,42,5,408102|306460|20926|4730|101836|327866|3507067|1962317|153702|4386479,2047|2140|2353|2382|2391|2393|2137|2217|2489|1982
101,3188260,Purple Tank,Harry Ong,14,6168,2986238,601456.0,SOLID,57,42,5,479766|903099|152062|19243|46515|39705|27862|1210564|311996|94963|6168|468982|1673223|2986238,1918|2035|2027|2234|2224|2259|2339|2066|2313|2508|2619|2378|2286|2058
102,137585,Standard Merah,Mohamad Syahrizal,15,7918,2851902,680147.0,SOLID,57,42,5,1017934|363252|125244|60887|529262|1068378|334032|151355|7918|795188|615823|427648|696609|1156768|2851902,1753|1951|2271|2092|2023|1916|2133|2242|2367|2218|2310|2438|2342|2332|2066
103,5482412,NazzzJack,Jack Om,17,205,11008715,687292.0,SOLID,57,42,5,205|143268|1477|21828|17376|17653|71003|24279|600|104522|33722|10569|15933|137357|20527|54923|11008715,2179|2141|2246|2171|2378|2167|2173|2262|2397|2266|2316|2490|2607|2512|2552|2539|1520
104,5483162,TT_HoLa MU,Nazry Jack,12,116,11393898,1064596.0,SOLID,57,42,5,4681|169274|80715|207987|20036|1817|401851|116|32430|405330|57022|11393898,2233|2120|2188|2168|2355|2409|2291|2753|2571|2391|2537|1462
105,20473,Team Hawa Qisya,Fina Said,11,1023,1163400,273107.0,SOLID,57,42,5,9560|220733|5365|118403|476917|1023|162064|190809|32577|623323|1163400,2261|2108|2335|2258|2163|2556|2466|2494|2536|2393|2177
106,464611,Mawar Nadeem,Nazirul Mubin,10,2168,4497007,904380.0,SOLID,57,42,5,729718|2168|138270|67747|276206|614383|678969|999653|1039679|4497007,1975|2362|2248|2285|2323|2310|2396|2304|2343|1976
107,26580,MUSANG KING,ZARROL AZAHAR,10,792,1040116,2377529.0,SOLID,57,42,5,3464528|563338|4454510|6295483|7340393|792|211403|392246|12483|1040116,368|2016|270|-291|687|2562|2488|2394|2593|2187
108,2560269,Reds Star,Dnel26 boy,9,46254,1567488,1107909.0,SOLID,57,32,15,1593181|1154688|1563377|46254|2215227|516794|839764|474407|1567488,1950|2066|2031|2432|2065|2422|2323|2415|2146
109,3641405,48 Gajah Berang,Tok Gajah,5,280228,438877,461963.0,SOLID,55,25,20,280228|480488|694320|415901|438877,2411|2428|2342|2425|2252
110,43333,Cityzens,Faizal Maslan,10,14634,934731,1061380.0,SOLID,55,35,10,3676617|1178721|784394|1523485|1412093|88258|22120|978744|14634|934731,1447|2000|2108|2035|2134|2514|2584|2307|2588|2197
111,1855465,Naga Merah FC,Hanif Hadi,13,11404,769023,1023283.0,SOLID,55,35,10,876000|1438409|702117|1123127|706593|3272196|592745|847261|1162991|11404|382981|1417835|769023,1826|1891|1877|1918|2064|1884|2144|2210|2206|2603|2396|2308|2213
112,1864674,Fafizta Fc,Faris Hafizuddin,17,11035,322977,485727.0,SOLID,55,40,5,999308|223966|400227|122121|296070|62605|228808|11035|367122|418386|1797089|341989|75644|789915|1539562|260531|322977,1799|1925|1909|2053|2199|2090|2098|2302|2125|2165|2009|2305|2524|2381|2252|2458|2271
113,624567,PASIR MAS FC,AHMAD SUPI JOHAR,10,26641,254720,1355556.0,SOLID,55,40,5,328061|165385|5754087|5965178|706530|113745|26641|118735|122480|254720,2070|2183|1290|1607|2232|2495|2578|2477|2502|2284
114,90064,Cheers69 FC,KëBä -RedMen-,10,41394,757590,557045.0,SOLID,55,35,10,351103|41394|150083|221860|1118721|924512|1176623|543794|284767|757590,2063|2257|2242|2219|2171|2246|2335|2365|2452|2214
115,8664,JELAWAT FC,SALMAN SABRI,13,20860,317985,687293.0,SOLID,55,40,5,2818145|2231264|1204635|849918|37919|88661|162144|20860|232450|210928|34740|725160|317985,1390|1574|1904|1953|2261|2276|2239|2465|2431|2488|2533|2379|2272
116,312952,BAKRI FC,NURUL SHAFEEQAH MISNAN,10,10535,389650,1296410.0,SOLID,55,40,5,4133417|2830774|4343783|599170|298436|136044|10535|106680|115610|389650,1103|1798|1763|2143|2317|2481|2605|2483|2505|2260
117,650201,LaByRiNtH,4HM4D FRHN,5,30100,189625,3985505.0,SOLID,55,40,5,8506422|11119622|81758|30100|189625,1186|767|2497|2563|2299
118,118488,KUNDANG FC,HAYAZI MD ZIN,7,46966,685018,508532.0,SOLID,55,35,10,121359|191673|46966|152220|1022931|1339555|685018,2256|2351|2554|2507|2302|2315|2222
119,107846,Pak Maon,Yang Arif,3,74308,74308,5979652.0,SOLID,55,38,10,6693886|11170763|74308,1599|685|2338
120,3207161,Biso Bonar,Razam Rashid,10,26314,394221,1526348.0,SOLID,55,40,5,3111225|691086|5327797|1316536|3503007|130537|26314|614334|148421|394221,1593|2066|1546|2055|1909|2484|2578|2354|2491|2259
121,3204395,FPL Ironman,ARSALAN ASYRAAF,5,12822,202039,374264.0,SOLID,55,40,5,12822|180555|48089|1427817|202039,2616|2497|2520|2307|2296
122,3205507,FPL President,Heungmin Daughter,5,39149,152584,2014866.0,SOLID,55,40,5,54028|58482|39149|9770087|152584,2545|2550|2529|1521|2309
123,138810,LEPAR HILIR FC,RASAFFIE RAMLI,20,28604,721181,550792.0,SOLID,55,35,10,420521|785829|228408|391087|72457|28604|997328|814323|1338013|1051352|118323|347564|53746|199060|212124|301013|868971|423219|1642708|721181,1603|1685|1820|2015|2010|2122|1800|2057|1757|1930|2160|2130|2305|2226|2343|2403|2371|2387|2289|2218
124,94687,Redstar FC,Ace Hunter,18,12323,722002,561061.0,SOLID,55,35,10,1811053|1147121|574547|988763|268213|425540|318374|452971|883377|781001|446824|296122|49791|69572|12323|794720|56788|722002,763|1748|1815|1760|1983|2159|1965|2039|1947|2053|2160|2200|2429|2530|2601|2329|2538|2218
125,23529,Jhebat Tryggr,Ahmad Jr,11,15985,377493,698566.0,SOLID,55,40,5,1249082|2732755|774234|1696044|15985|160894|67272|184597|406670|19196|377493,1774|1554|2054|2016|2344|2363|2532|2496|2391|2579|2262
126,71454,KOTARO FC,FADHIL JAMALUDDIN -KICKERS-,17,17107,159226,372664.0,SOLID,55,40,5,1672355|33054|22628|294473|238960|1371426|72304|360562|333818|218792|83877|17107|212990|232091|558407|453226|159226,1549|2054|2134|1973|2219|1750|2172|2060|2133|2216|2275|2473|2440|2482|2363|2419|2307
127,14516,Kop FC,Nirmal Raman,15,15853,504029,615988.0,SOLID,55,35,10,615790|455911|15853|137571|639298|195503|1340952|1589541|1158364|828864|493356|709880|308340|246568|504029,1849|1924|2381|2034|2001|2118|1980|2025|2072|2212|2341|2392|2413|2461|2243
128,12676,BAGAN TERAP FC,Azwan Khairul,15,23562,173100,553669.0,SOLID,55,40,5,580129|2206295|183893|289301|647735|730189|191465|467665|1419170|823815|246258|23562|113903|208555|173100,1858|1448|2242|1974|2000|1975|2173|2156|2045|2213|2425|2582|2479|2472|2303
129,388545,Lishterix,Faris Izuan,14,18141,102514,769955.0,SOLID,55,40,5,1454068|692716|99081|525613|426879|104161|617804|2818283|1486357|463453|166021|1804273|18141|102514,1696|2088|2059|2024|2042|2211|2131|1922|2125|2350|2502|2230|2580|2326
130,2330233,HOMBOIS,Keanu Riev,7,58072,79254,742852.0,SOLID,53,38,5,3852426|211487|329268|174869|494587|58072|79254,1837|2344|2393|2499|2374|2537|2336
131,1903105,Puchong Fuerza,Ahmad Fuad,2,85615,85615,5686076.0,SOLID,53,38,10,11286536|85615,487|2333
132,219580,Semunte Jaya Fc,Gomasthy Jonathan,8,57566,57566,1504897.0,SOLID,53,38,5,3837449|3623328|3106350|527040|179176|222228|486041|57566,1827|1856|1950|2332|2497|2437|2413|2347
133,37486,Jehn D-BLEND,Jeny Razali,12,53540,53540,1260605.0,SOLID,53,38,5,3346372|2531098|1834898|827484|4236525|762970|283881|155782|416013|533391|145303|53540,1059|1613|1799|2046|1778|2119|2321|2469|2440|2367|2493|2350
134,255252,SI RUSA FC,Bapak Zlatan,17,67397,67397,603828.0,SOLID,53,38,5,189641|217363|226243|209462|766436|1206956|1024568|464337|1610431|2607414|320170|724603|136746|245092|130737|117473|67397,1744|1973|1971|2006|2069|1782|1934|2032|1948|1941|2194|2229|2480|2478|2471|2504|2342
135,2563224,ftygunners,Yong Kong Soon,10,12167,1525585,636640.0,SOLID,52,32,10,469864|541681|12167|39303|769173|1142541|95680|399502|1370909|1525585,2031|2091|2377|2310|2222|2209|2530|2392|2312|2149
136,1839234,The 11 Jokers,Yem Abdul Hamid,15,19598,1728577,1131138.0,SOLID,52,32,10,492558|327555|1407021|1967711|1860648|838856|3160877|1381431|1843889|608231|19598|320866|899993|109255|1728577,1882|1962|1900|1629|1785|1955|1755|2044|2005|2249|2598|2460|2316|2508|2135
137,28773,BLUES WARRIORS,R4M2UL 9123,14,56921,312282,900928.0,SOLID,52,32,10,1408174|56921|325014|405965|2075644|541840|832197|1350944|1931785|1194741|454087|1069961|653438|312282,1707|2320|1963|2050|1764|2091|2102|2052|2074|2201|2433|2297|2389|2273
138,50006,Semut Comot,Fai Zal,10,27752,1942661,1007322.0,SOLID,52,32,10,2068544|1038032|298287|2492842|809097|124957|143879|1127167|27752|1942661,1765|2018|2193|1949|2216|2488|2510|2291|2566|2121
139,48899,Esprit De Corps,Fai Zal,10,19763,1189763,1222260.0,SOLID,52,32,10,3783989|401920|665964|1801695|1322816|31264|358435|2646990|19763|1189763,1404|2118|2124|2009|2145|2576|2452|2166|2578|2175
140,3176219,Guruuu!!,Ra Bani,18,15905,2005216,584556.0,SOLID,52,32,10,559087|22420|68904|92571|163391|633670|1414181|686504|144796|524999|80911|349345|15905|370329|1478763|1157293|753716|2005216,1691|2290|2013|2047|2029|2103|1742|1993|2144|2094|2282|2188|2476|2379|2305|2288|2376|2117
141,271516,PaKaLoLo FC,iZoR YDNeFFe,11,27690,1201101,1116752.0,SOLID,52,32,10,305942|85590|27690|2815131|1823718|321478|1065371|1055995|3000212|582041|1201101,2075|2184|2275|1924|2007|2311|2222|2349|2140|2399|2174
142,2078195,Guernsey FC,Mr Bak,8,34490,3385784,1435124.0,SOLID,52,32,10,1319435|431186|34490|1351001|573026|2887459|1498614|3385784,1983|2163|2315|2141|2320|2148|2301|2036
143,3053444,The Slabfather FC,Ari Firdaus,13,24271,3958792,1477647.0,SOLID,52,32,10,682241|1148928|386277|1340669|1882375|553306|24271|376168|3173815|1818881|1203783|2659901|3958792,2090|1793|2054|1873|1916|2141|2329|2297|1960|2273|2283|2213|2005
144,2718704,SwiSamSa,Syed AM,17,16749,1497843,1234170.0,SOLID,52,32,10,630680|747382|1411000|1765218|324233|1343023|16749|616847|1596590|22473|2302694|2797577|2285527|2615119|337681|670251|1497843,1925|1770|1661|1612|2189|1756|2240|1998|1950|2350|1965|1982|2057|2207|2406|2386|2151
145,184013,One Utama,One Utama,19,45337,2099835,768443.0,SOLID,52,32,10,471320|374347|414855|281923|45337|138140|131131|420030|621592|299414|1051884|1327228|1450567|1041074|349355|2021694|279235|1781463|2099835,1841|1757|2005|1903|2095|2043|2268|1938|2005|2079|2016|2049|2042|2182|2386|2256|2421|2278|2111
146,66488,JULAU FC,Sid Razali,20,25915,1008886,541037.0,SOLID,52,32,10,25915|171472|635113|370854|107997|340498|1263974|145213|543817|733447|166086|151795|698884|287764|1279996|531105|1188510|516849|652565|1008886,1921|2002|1665|2023|1983|1928|1741|2260|1909|1984|2132|2188|2119|2202|2150|2331|2334|2370|2389|2190
147,58008,KEMENSAH FC,AZRI HAZZIQ,14,67413,255772,899372.0,SOLID,52,32,10,501858|1491608|67413|201873|118606|78218|1000879|1260111|2036194|1255078|717084|1596906|2009609|255772,1912|1875|2085|2107|2159|2226|2082|2061|2062|2191|2391|2247|2260|2284
148,144199,Kuro kuro Fc,Bonrinal Bon,5,58205,392724,409093.0,SOLID,52,32,10,164135|58205|475788|954611|392724,2464|2550|2377|2352|2259
149,1843158,Mzi@2627,zuhaidi ismail,14,42970,1276734,586608.0,SOLID,52,32,10,293277|549393|487562|764260|132691|106189|188611|465960|510338|42970|936304|2032971|425254|1276734,1974|2125|1922|1979|2151|2210|2227|2165|2268|2559|2363|2212|2424|2168
150,1668383,Golden Dawn,William Vangeance,9,50024,162988,836524.0,SOLID,52,32,10,748200|711151|2403829|764145|397920|50024|1756367|534094|162988,2057|2117|1956|2223|2370|2556|2234|2406|2306
151,669725,FreeStyler...,K'rool Nizam,19,91138,700983,793172.0,SOLID,52,27,15,374230|146713|536785|1467809|1006960|825592|689913|1517855|934484|1421949|1185693|655319|933400|383306|134110|91138|802188|1261848|700983,1630|2019|1698|1632|1705|1798|1867|1721|1949|1861|1999|2125|2097|2295|2482|2532|2328|2322|2220
152,2018887,RedSG8,Zuhaizal Zulkifli,8,34379,1428922,512412.0,SOLID,52,32,10,297463|34379|262854|1211891|333898|129019|400869|1428922,2193|2315|2327|2198|2457|2472|2428|2156
153,2018620,FPL Mozz,Mr. RedS,17,34093,1580866,434220.0,SOLID,52,32,10,575943|486913|1084514|86783|676497|388692|80482|406451|535537|128277|348047|64558|775919|52447|34093|75716|1580866,1945|1839|1738|2080|2092|1946|2166|2047|2092|2253|2188|2416|2275|2554|2534|2525|2145
154,148601,FPL Malaysia(FPL_MY),FPL Malaysia,10,11681,2561420,1470659.0,SOLID,52,32,10,3711071|56590|11681|1095745|715337|525808|2236604|1894835|1897500|2561420,1435|2243|2379|2079|2231|2333|2238|2223|2269|2083
155,233351,SuperSaiyan2,Nasrul Razali,5,74124,246765,965826.0,SOLID,52,32,10,1012574|74124|2177650|1318019|246765,2231|2541|2201|2317|2286
156,430004,MASAPOL FC,FLARRY JEFFERY,18,21779,2488650,1045749.0,SOLID,52,32,10,835520|291344|244085|293120|682683|21779|223478|220040|1334963|779841|1349217|1821000|545511|1837729|1834564|2725787|1294167|2488650,1599|2058|1917|1945|1869|2368|1996|2101|1874|2053|2047|2007|2261|2111|2272|2160|2319|2087
157,80792,ThePhilanthropist4.0,Allbiirr Nordin,8,23220,1969189,1237203.0,SOLID,52,32,10,3282741|835231|1587216|719580|487423|993027|23220|1969189,1883|2110|2113|2287|2427|2305|2572|2119
158,60618,Red Devilianz,Nesh Sivanathan (WN),9,94349,410201,1461009.0,SOLID,52,32,10,4959243|951199|227998|94349|564037|1561937|2430871|1949246|410201,1435|2088|2218|2396|2323|2297|2182|2265|2257
159,29202,AYER HITAM FC,MOHD HAFIS,16,48161,3439886,1285807.0,SOLID,52,32,10,1447965|1017054|175222|1042503|1369988|452509|213110|879737|1814838|372393|1551443|1258782|48161|1653897|3835429|3439886,1585|1753|2022|1999|1750|2039|2111|2039|2006|2183|2117|2191|2557|2242|2132|2033
160,182557,Parokk,Anuar Yunus,4,12057,839688,717848.0,SOLID,52,35,10,741389|1278260|12057|839688,2282|2325|2594|2206
161,167054,THE WEEKND,Nurul Iman,5,52032,475309,325173.0,SOLID,52,32,10,52032|269803|614870|213850|475309,2547|2472|2354|2470|2247
162,6560712,Forgot2ChangeCapt..?,Super Safiq,1,50899,50899,50899.0,SOLID,51,38,10,50899,2351
163,1193624,Lembut Nyunyut,Kuba Balar,7,437883,444358,1232452.0,SOLID,50,25,15,2113205|2057818|1339530|437883|1156978|1077389|444358,1981|2060|2179|2436|2288|2340|2252
164,607,Bruno Dos Tres,Maathavanraaj Paranjothy,10,11564,937408,1653590.0,SOLID,50,35,5,4265111|4550578|3533252|2564588|254646|198091|87102|133555|11564|937408,835|1544|1859|1943|2330|2447|2534|2470|2595|2196
165,166099,Seatrium,SG MY,7,22256,588419,2502022.0,SOLID,50,35,5,7096079|1728867|975001|22256|1394928|5708607|588419,1086|2096|2237|2583|2265|1981|2233
166,9498,BRUNO FAIQNANDES,Mohamad Faiq,9,36953,639936,1237992.0,SOLID,50,35,5,2816627|5614299|889355|36953|221946|72325|391181|459305|639936,1646|1407|2103|2442|2436|2542|2394|2418|2227
167,2434,RedMancunian FC,Ayul Ijam,13,13342,605523,827401.0,SOLID,50,35,5,2751044|1858876|1686007|165758|402137|272211|1390662|1179576|198784|56103|176184|13342|605523,1426|1652|1820|2133|2118|2200|2048|2163|2447|2552|2453|2591|2231
168,3206900,Bawah Noob,Khaby Hasbullah,5,46379,760122,221237.0,SOLID,50,35,5,141024|46379|88826|69834|760122,2478|2559|2492|2529|2214
169,162545,SETAPAK FC,HAKIM HASMADI,9,16998,647569,393178.0,SOLID,50,35,5,872872|1194587|146867|64296|37735|367726|189955|16998|647569,2040|2062|2245|2416|2566|2450|2448|2583|2226
170,34492,Tebe,Zulfazhli Hamdan,19,35026,614072,496488.0,SOLID,50,35,5,115274|120481|228031|349772|38038|63911|881748|468036|1020888|1816374|1925939|383057|49539|35026|106946|247304|478178|490655|614072,1803|2039|1820|2032|2047|2073|1825|2147|1817|1794|1911|2173|2300|2445|2500|2478|2377|2413|2230
171,18451,NILAM PURI FC,Suardi Rashid,7,44242,673781,1489210.0,SOLID,50,35,5,5751387|2100680|449543|1268907|135930|44242|673781,1641|2055|2354|2326|2469|2548|2223
172,2168687,Razor FC,Sash Dran,5,315899,315899,7502010.0,SOLID,50,25,15,8992323|10333530|7597362|10270938|315899,480|1356|1767|1399|2272
173,1462,SIJANGKANG FC,ZULQARNAIN AKRAM,10,24727,999987,281939.0,SOLID,50,35,5,104811|50928|146950|162754|117785|529181|471109|211160|24727|999987,2169|2248|2244|2239|2383|2332|2430|2441|2570|2191
174,60525,Medina FC,shaharudin abd. majid,14,108671,108671,1454652.0,SOLID,50,25,15,2000088|2306818|1090488|2227715|1281780|1143554|295063|2030508|1214024|294816|2535528|2735259|1100810|108671,1349|1373|1804|1698|1882|2004|2193|1988|2158|2405|2213|2159|2337|2323
175,26627,Team Tadi,ERUL IDZAMUDDIN -CY-,12,24903,564787,662822.0,SOLID,50,35,5,1519682|1732199|2108854|55490|185790|24903|178311|58386|200514|656657|668294|564787,1721|1811|1759|2244|2228|2328|2356|2541|2491|2348|2387|2236
176,1856224,MenTiBanG FC,H-nz83 H-nif,8,67365,1079361,1004304.0,SOLID,49,24,15,611775|2009153|67365|1158650|316933|1452121|1339070|1079361,2079|1990|2286|2166|2461|2260|2315|2184
177,27461,KING MESIR,mohd redza,4,46198,2423367,1645914.0,SOLID,49,32,10,2652398|1461692|46198|2423367,2204|2259|2546|2091
178,1396499,Manuknoob,JT -87,12,85717,2799134,2240697.0,SOLID,49,24,15,1452960|85717|1434482|3099297|3632232|825123|2662029|2090591|2245793|2429716|4131288|2799134,1734|2162|1859|1763|1849|2111|1996|2080|2237|2182|2111|2069
179,76592,Katsura,Redzuan Z,15,81954,731390,1826265.0,SOLID,47,27,10,499604|81954|401457|1897370|896699|833346|3528107|2597625|3063386|2633951|950234|3124893|3108296|3045669|731390,1880|2084|2166|1644|1956|1956|1706|1942|1902|1999|2242|2167|2132|2187|2217
180,66264,BELURAN FC,CHENTA KU,20,80985,937408,693557.0,SOLID,47,27,10,80985|510388|680053|689936|566550|250099|186387|629141|554168|809376|578922|1220788|1559000|1252036|176107|1863298|534468|616468|175565|937408,1837|1822|1650|1905|1817|1961|2017|2104|1907|1971|2006|1995|2028|2062|2357|2108|2419|2354|2482|2196
181,356293,Littlebaby520,JB James,10,15632,2733111,1404369.0,SOLID,47,32,5,4315004|3878677|15632|32102|56042|300926|755533|1171160|785504|2733111,734|1657|2366|2318|2423|2403|2386|2286|2372|2073
182,1854631,Harimau Hitam FC,Hanif Hanz,18,13541,1956350,549828.0,SOLID,47,32,5,13541|81203|437951|764534|1000642|449493|105975|62391|17647|100476|406461|44074|220411|832456|517463|571721|2314112|1956350,1958|2073|1733|1879|1799|2152|2054|2180|2279|2213|2168|2305|2341|2264|2422|2361|2238|2120
183,2793323,shiyuchiakai,muhdhasifomar -1321-,20,47823,2027805,455022.0,SOLID,47,32,5,179059|201815|47823|49839|72284|146306|78933|225521|155761|752525|245808|236539|426005|105620|456805|922583|1355131|605984|808297|2027805,1752|1983|1954|2234|2010|2011|2087|2225|2025|1981|2098|2159|2164|2263|2279|2247|2317|2355|2369|2115
184,1207917,Skempiang FC,Afnan Shatir,9,58175,508484,1681299.0,SOLID,47,27,10,3115217|942344|1104937|1814180|842648|3896136|2849569|58175|508484,1761|2089|2078|2087|2262|2107|2151|2537|2243
185,3620156,komeng FT,Mohd Yasser,13,22785,1065007,710667.0,SOLID,47,32,5,2744560|491346|334831|69365|448943|153277|414349|133581|752467|600912|22785|2007248|1065007,398|1915|2186|2083|2040|2139|2115|2250|2120|2408|2548|2260|2185
186,37693,BALOK FC,SYAUQI AHMAD,11,88816,540159,550468.0,SOLID,47,27,10,879360|127356|305653|967340|585261|468348|1275417|675070|142372|88816|540159,1959|2154|2140|2086|2145|2276|2188|2397|2466|2518|2239
187,163145,B@NG@U $€P! F©,Amirul Alias,7,24046,1326699,1113500.0,SOLID,47,32,5,5199096|439078|261395|329868|214315|24046|1326699,1711|2283|2419|2458|2440|2571|2164
188,32481,Best Elite,Abe Wan,5,55345,152584,2207184.0,SOLID,47,32,5,8620420|224660|1982911|55345|152584,1095|2484|2216|2539|2309
189,1134172,My Pal Terry!,JamieLian KL,3,304898,304898,570719.0,SOLID,47,25,15,607873|799387|304898,2355|2370|2274
190,409406,RUBBERGAME,Darren Wong,13,19536,3473281,720619.0,SOLID,47,32,5,369813|294945|134007|317529|677011|158752|816773|335193|19536|1914058|429695|427459|3473281,2175|1972|2135|2073|2068|2238|2112|2307|2598|2265|2386|2423|2031
191,11721,STYLAA FC,STYLAA STORE,5,80272,433721,586364.0,SOLID,47,32,5,1712851|614197|90779|80272|433721,2127|2406|2491|2522|2253
192,23297,kuku besi fc,wan ozil,18,60253,492050,464133.0,SOLID,47,32,5,166130|144375|116464|80239|261062|60253|566721|333710|196870|279637|90629|183005|846121|459047|3162661|373787|541641|492050,1853|2140|1978|2057|1985|2317|1904|2067|2118|2147|2275|2232|2210|2351|2164|2398|2405|2245
193,57124,Jongbull FC,WOEI JONG,19,28730,5264777,1316592.0,SOLID,47,32,5,111444|28730|200552|771704|1346554|65726|326812|545907|844601|331623|687564|904435|4006963|1203977|1098937|1382495|2708950|3183490|5264777,1806|1985|2104|1764|1676|2100|2189|1909|1965|2069|2067|2093|1824|2160|2216|2314|2161|2177|1935
194,230970,BIRU,ANAK JOHOR,4,449413,449413,2435643.0,SOLID,47,25,15,3997076|2916052|2380030|449413,2099|2146|2233|2251
195,68773,TANJUNG KARANG FC,FADHIL JAMALUDDIN,8,52191,707604,268856.0,SOLID,47,27,10,141083|158976|375341|296215|73703|345733|52191|707604,2246|2240|2297|2405|2541|2404|2541|2219
196,2167802,Soulja FC,Sash Endran,12,51490,177141,915216.0,SOLID,47,32,5,3046670|1461402|51490|178054|1057925|756154|410553|413273|128275|763437|2538220|177141,1347|1861|2218|2178|2076|2120|2289|2365|2516|2333|2222|2302
197,124034,DOA old skool,rakib hussain,7,32049,3333637,857025.0,SOLID,47,32,5,1167852|32049|244268|602219|297634|321513|3333637,2071|2448|2426|2408|2416|2444|2039
198,18022,BAYAN BARU FC,Brandon Ong,3,35331,747873,294733.0,SOLID,47,35,5,100996|35331|747873,2486|2557|2215
199,132558,Colwill of Fortune,Levi Colwill,4,382493,419123,750806.0,SOLID,47,25,15,382493|1425692|775916|419123,2447|2262|2373|2255
200,166845,Tandaha Ft,Abas Merc,9,97007,900394,1146765.0,SOLID,47,27,10,2675056|881785|536111|727623|97007|1702512|2496126|304273|900394,1818|2096|2153|2229|2507|2284|2177|2448|2200
201,6811484,IkyzFC,Mohamad Fikry,12,247552,247552,1491648.0,SOLID,45,25,10,3004631|3626907|3125739|1858355|665397|611746|1669331|1230016|818607|708266|333234|247552,1364|818|1590|1919|2124|2141|2103|2195|2377|2340|2441|2285
202,359288,TakaZizou,zizie Hashim,8,174097,397920,1505746.0,SOLID,45,25,10,2815241|2353732|1471854|325745|1131174|3376208|174097|397920,1800|1962|2040|2310|2211|2112|2482|2258
203,1839432,Chemor Power!,Jurgen Kulops,7,312637,396189,1717139.0,SOLID,45,25,10,5121639|346447|2519815|2264487|1058760|312637|396189,1719|2304|2030|2235|2298|2446|2259
204,2424163,TakoyakiOctopus,I Haziq,7,116016,116016,2203399.0,SOLID,45,25,10,7036813|1186876|1442183|2307669|640849|2693386|116016,1160|2162|2164|2232|2350|2211|2321
205,109790,SC's Galacticos,Sharmini Chandra,2,218338,485170,351754.0,SOLID,45,25,15,218338|485170,2469|2246
206,428200,Sungai Udang FC,Muhammad Qushairi Rosley,12,232875,232875,2002077.0,SOLID,45,25,10,2448503|1361245|1479277|1361977|1609509|2635553|5039332|1200132|1802887|4155342|698294|232875,1288|1718|1729|1878|1833|1823|1728|2200|2275|2052|2383|2289
207,35217,FREE WATERMELON,MHJ MY,6,237301,237301,2729775.0,SOLID,45,25,10,7346215|1545560|4941067|1793879|514627|237301,674|2118|2025|2231|2409|2288
208,13818,BULOH KASAP FC,NURUL SYAZWANI,2,128261,364113,246187.0,SOLID,45,25,15,128261|364113,2499|2264
209,1669309,Crimson Lion Kings,Fuegoleon Vermillion,8,213584,346416,741966.0,SOLID,45,25,10,1519820|1327934|232338|213584|800115|907729|587793|346416,2031|2054|2337|2440|2380|2315|2398|2267
210,1520823,Air Kotong FC,Mohamad Zulhelmi,18,325213,325213,1211517.0,SOLID,45,25,10,1907025|1293195|497338|451802|614290|1738832|839969|623543|749892|1508359|2238884|877942|426264|2256879|1196998|1160781|3100108|325213,312|1696|1836|1893|1884|1796|1850|2004|1971|1960|1971|2104|2285|2060|2333|2287|2183|2270
211,173274,107se,m. hafizul,9,144511,144511,1639049.0,SOLID,45,25,10,3380683|1382383|962216|1188065|1513692|2590812|429695|3159385|144511,1726|2044|2094|2162|2154|2209|2386|2179|2311
212,2326397,King EMYU 21 Arc,najmi fauzi,7,382988,382988,1283823.0,SOLID,45,25,10,595925|502878|1154443|548876|1765103|4036548|382988,2143|2269|2207|2416|2233|2118|2261
213,187188,The Fizz,The Fizz,10,189114,476206,1070060.0,SOLID,45,25,10,1930818|2915717|189114|888111|696492|836562|488683|191393|2087508|476206,1518|1786|2226|2103|2234|2263|2427|2447|2254|2247
214,14283,Gedangsa FC,Jamal Othman,10,285342,610053,912684.0,SOLID,45,20,15,1174935|1343463|1276308|522909|319640|1482691|285342|1790722|320779|610053,1899|1980|2054|2155|2311|2158|2468|2231|2444|2230
215,438860,Kasut Koyak FC,Syafiq Hazmi,10,129543,477541,731431.0,SOLID,45,25,10,925274|1602825|1045108|1502788|446502|195692|171488|817550|129543|477541,1939|1949|2077|2037|2281|2448|2500|2326|2499|2247
216,219108,Jama ft,Jalaq L96,9,273227,273227,3638323.0,SOLID,45,25,10,2084663|898534|1931295|5427129|997723|4294382|10590751|6247202|273227,1892|2094|1997|1682|2233|2076|695|1928|2280
217,1826085,TK Boyz,Syahmi Mualip,9,233604,233604,2373801.0,SOLID,45,25,10,1815798|619933|934853|1110008|1963590|4072901|4876240|5737283|233604,1924|2130|2097|2172|2095|2093|1993|1978|2288
218,2019727,Torresesque,Akmal Ariff,10,235540,438440,1636888.0,SOLID,45,25,10,1788229|1688459|2205341|748943|571377|1178297|4841651|2672608|235540|438440,1666|1819|1744|2057|2138|2070|1758|2164|2464|2252
219,1846280,Nasz NovaLake,Anas Osman,12,143301,236878,1677403.0,SOLID,45,25,10,903536|397272|1626508|3136806|2914177|4903191|531065|3785890|1258721|143301|291489|236878,1839|2052|1830|1758|1915|1742|2264|1899|2327|2466|2451|2288
220,26137,ƤriͥภcͣeͫGᴀᴍᴇʀ,PrinCe CheLsea Full -SM-,6,352750,352750,5072496.0,SOLID,45,25,10,7833797|9057917|7034396|3495344|2660771|352750,870|295|1848|2103|2213|2266
221,1025203,Kerahh Ketung FC,Sabri Razak,5,198790,198790,2175090.0,SOLID,45,25,10,3163681|2352886|4039997|1120097|198790,1961|2228|2061|2335|2296
222,113200,Joaoassic Park,Syafiq Zamri,13,273227,273227,1925203.0,SOLID,45,25,10,2963776|1649646|1958140|2004269|2852842|1101396|4123835|3075800|674744|287340|847501|3215119|273227,1279|1694|1763|1774|1795|2071|1814|1953|2297|2468|2322|2175|2280
223,205649,user205649,-M4N --,5,164929,164929,3567003.0,SOLID,45,25,10,8841035|2630709|1517364|4680976|164929,808|2206|2254|2070|2305
224,117673,TEBEDU FC,Klaci De Xavi,5,51533,3315146,1669327.0,SOLID,44,24,10,51533|656194|1717101|2606660|3315146,2548|2400|2237|2217|2040
225,3849375,Cha Hana,Zahiruddin Zainon,14,80269,1620110,1125709.0,SOLID,44,24,10,207277|866310|476561|353540|672840|1619388|1455430|1231785|80269|844302|581415|1337216|4413479|1620110,2007|2044|1924|2062|1986|1947|2037|2064|2404|2261|2411|2270|2090|2142
226,4222094,Hartanah Sejahtera,Firdaus Faizullah Noor,10,76014,1886792,1426469.0,SOLID,44,24,10,2843896|320788|1876435|2126067|2811710|1626979|76014|85352|610659|1886792,1642|2136|2001|1980|1980|2138|2539|2494|2394|2124
227,1133442,DECEPTIONS,Jamie 連家桐 Lian,13,61178,1349599,1030020.0,SOLID,44,24,10,2138423|1410609|1183264|347737|581902|1709308|2636406|61178|446452|298343|142977|1084060|1349599,1480|1742|1908|2064|2084|2015|1937|2419|2355|2465|2466|2339|2162
228,691645,Team Kairiel’s,kairiel benjamin,18,54508,3731976,1530300.0,SOLID,44,24,10,474961|563932|1089518|261676|941307|54508|752820|795100|1107712|542219|1497037|2753582|1231436|1838786|3675427|2186416|4046995|3731976,1720|1949|1684|1957|1812|2323|1867|1973|1909|2090|2033|1927|2156|2111|2124|2200|2117|2017
229,4773818,The Chaos Theory,Woi Loon Lim,8,51849,1591668,914634.0,SOLID,44,24,10,113315|51849|93827|1000648|637455|1991950|1836362|1591668,2261|2298|2396|2233|2403|2215|2273|2144
230,3209175,Public Mutual FC,Ammar Champion Public Mutual,4,85174,155015,285196.0,SOLID,44,32,5,105753|85174|794844|155015,2525|2494|2370|2308
231,2324099,DXBFPL,Syed Muhammad Aiman,15,53041,4719692,1408949.0,SOLID,44,24,10,547585|1772940|1020928|2309298|1043593|478695|63849|672854|53041|281304|413154|2293401|2698206|2765699|4719692,1867|1610|2005|1557|1931|2029|2237|2123|2297|2322|2365|2233|2162|2206|1964
232,33675,SADIO MANE,GABS GERRARD37,9,60803,3347703,2074951.0,SOLID,44,24,10,4994695|1649030|1480812|240159|1296864|1216381|60803|4388108|3347703,1422|2020|2039|2334|2185|2331|2510|2092|2038
233,68258,SKCB FC,SUNAN MUSAFIR,5,888878,888878,1421093.0,SOLID,43,13,20,2099671|1277605|1257733|1581577|888878,2079|2325|2278|2294|2201
234,93815,Kikom Bersatu CF,Jevy Joseph,13,403565,2732094,1643062.0,SOLID,42,17,15,1613420|1006314|1397290|629971|457698|403565|2335002|1657812|3087733|2773842|2267367|997693|2732094,1655|2009|1872|1995|2106|2168|1962|2104|1969|2194|2194|2348|2073
235,6565450,Pen-DERMA FC,rinsin nsyn,12,386010,4441791,1937122.0,SOLID,42,17,15,1725737|1054369|914074|912666|2338955|1439007|1927276|1802692|3500756|2802133|386010|4441791,1679|1929|1941|2034|1963|2043|2074|2115|2137|2154|2431|1979
236,78712,m@w@niqiq@,khairul husri,7,68799,938570,2987602.0,SOLID,42,27,5,7295361|792717|68799|628046|640285|10549433|938570,781|2218|2530|2404|2350|1287|2196
237,1920048,Perang Saraf,Rock Klasik,3,115361,115361,7449305.0,SOLID,42,25,10,11400614|10831939|115361,28|1093|2321
238,1305973,SUNGAI BESI FC,MOHD F4UZI 4D4M,8,288893,1162795,697855.0,SOLID,42,17,15,738655|494397|770995|288893|326277|622718|1178109|1162795,2114|2160|2222|2408|2459|2353|2330|2177
239,243001,KAMPUNG RAJA FC (P),MR. HAFIZ,6,303572,2473674,1936239.0,SOLID,42,17,15,3465586|303572|1518237|1276757|2579609|2473674,1913|2402|2301|2276|2219|2088
240,6018330,Bryaniq Cunhajmi,Aniq Najmi,14,201068,1151660,987458.0,SOLID,42,17,15,2063047|617512|657267|296425|201068|1220129|637831|841780|1848840|1493081|1551133|435575|809062|1151660,1512|2107|1886|2077|2116|1995|2128|2109|2083|2157|2298|2385|2369|2178
241,33823,TANAH MERAH FC (NE),MUHAMMAD SYAHID AFFENDY,13,154635,1527389,790144.0,SOLID,42,17,15,1518126|163138|995262|1005510|544630|729157|477250|243533|154635|792919|747001|1373318|1527389,1867|2021|1939|1926|2090|2115|2163|2333|2470|2381|2335|2312|2149
242,75398,KUN FC,Ariff Asyraf,11,61667,992452,826209.0,SOLID,42,27,5,2110649|611144|83790|78676|4076606|123480|89999|361451|498388|61667|992452,1728|1999|2223|2283|1818|2380|2512|2451|2373|2534|2191
243,749089,Thexwall XI,Warren Wong,4,127994,190709,414918.0,SOLID,42,25,10,1093137|247834|127994|190709,2344|2429|2499|2298
244,4140430,FC Kickers United,Aris Jamal,4,308956,435030,776369.0,SOLID,42,25,10,1551486|810004|308956|435030,2298|2327|2447|2253
245,687378,Vandebiq FC,Mohd Shabiq,13,170010,1241093,1586407.0,SOLID,42,17,15,2677108|1564255|1471810|3846073|1258591|1432864|1807030|1256537|2552517|910968|434432|170010|1241093,1462|1712|1859|1373|1990|2039|2008|2153|2026|2366|2385|2484|2170
246,1163480,Stress Free FC,Ridhwan Noordin,4,221795,221795,481856.0,SOLID,42,25,10,375517|325033|1005081|221795,2448|2409|2347|2291
247,668606,Jali List,Oligans 28,10,324860,1819118,1171547.0,SOLID,42,17,15,324860|1068520|1145183|356508|1061775|1000779|2490287|1780700|667741|1819118,2071|2014|2067|2186|2179|2233|2217|2232|2387|2129
248,119084,GULAU FC,khairee SK,4,150935,234312,891960.0,SOLID,42,25,10,1769968|1412625|150935|234312,2278|2263|2490|2288
249,2731479,Fly High,Darren Adam Daniel,5,279689,2485374,1745112.0,SOLID,42,17,15,2592645|1504882|1862969|279689|2485374,2022|2302|2225|2453|2087
250,84848,donnymaldini,Donny Maldini,7,494403,1664122,1569807.0,SOLID,42,17,15,1491395|494403|1917034|1105625|1666907|2649165|1664122,2038|2271|2101|2343|2241|2214|2139
251,14138,Fortune,Mr General,4,159651,321477,847255.0,SOLID,42,25,10,1967244|159651|940648|321477,2260|2459|2354|2271
252,2359837,KIMFIEEE,Hud Najhan,3,422127,422127,2620394.0,SOLID,42,25,10,4254075|3184981|422127,2044|2177|2255
253,11527,BAYAN LEPAS FC,FAIZNI FAIZ ABDUL AZIZ,8,59336,622417,831357.0,SOLID,42,27,5,3603632|1341523|481127|59336|141360|127548|273912|622417,1852|2053|2274|2540|2511|2473|2455|2229
254,15321,Greatdevils,Mohan Lachemenan,20,142323,2018056,920429.0,SOLID,42,17,15,645725|1089137|1658108|1000098|265775|1411671|559077|152643|781137|239489|555927|1469434|933321|142323|1258606|332404|927566|1780873|1187203|2018056,1466|1507|1156|1799|1909|1661|1898|2257|1862|2095|2011|1965|2090|2247|2153|2392|2364|2232|2329|2116
255,1027969,Padang Midin FC,Bakri Ibni,4,160903,160903,4289000.0,SOLID,42,25,10,11010865|4564916|1419317|160903,919|2019|2308|2306
256,128817,Palmerlaysia Boleh!,Cole Palmer,4,150538,150538,1824582.0,SOLID,42,25,10,3664623|1549557|1933608|150538,2125|2251|2266|2309
257,130090,Petrol Neto,Pedro Neto,3,398319,398319,1313348.0,SOLID,42,25,10,761053|2780673|398319,2333|2205|2258
258,119375,PERMAS JAYA FC,Syafiq Zamri,4,273795,360910,1221672.0,SOLID,42,25,10,2668017|1583964|273795|360910,2203|2248|2455|2264
259,16107,FPL Kambo,Mr Kambo,3,280682,280682,1630983.0,SOLID,42,25,10,3577004|1035264|280682,2097|2344|2279
260,170552,Kok mung,Anuar An Nuh-HD-,3,371477,371477,1210181.0,SOLID,42,25,10,2768680|490386|371477,2157|2413|2263
261,114940,KK Old Boys FC,KK Old Boys,3,194234,504029,496708.0,SOLID,42,20,15,194234|791861|504029,2446|2371|2243
262,4766366,FPL Hazra,Amira Salleh,2,271424,925964,598694.0,SOLID,40,20,15,271424|925964,2455|2197
263,2334169,VLTR,El Nino,6,142712,142712,1209124.0,SOLID,40,25,5,5027903|1150870|303603|181456|448197|142712,1735|2208|2464|2451|2420|2312
264,61649,KELAR FC,Joe Mourinho,5,357991,847339,901699.0,SOLID,40,20,10,357991|705068|1944782|653316|847339,2383|2393|2219|2389|2205
265,85852,SKTU FC,TANPA NAMA,5,294283,605997,764111.0,SOLID,40,20,10,1213350|299456|294283|1407470|605997,2198|2465|2417|2309|2231
266,114194,"Fifi Fairuz Fuiyooo""",Laniaz Nidiba,8,214148,765386,2702299.0,SOLID,40,20,10,2991005|214148|3694505|1571373|5511302|4430501|2440173|765386,1909|2222|1889|2146|1979|2030|2229|2213
267,769501,Shannon 77,Shannon Praveen,13,357581,895558,1521592.0,SOLID,40,20,10,545359|775364|790371|1852406|1804869|4242587|1031617|357581|1301790|1030899|3818783|1333516|895558,2126|1863|1974|1797|1925|1777|2086|2301|2184|2351|2078|2315|2200
268,1190535,KETUM MABOK FC,Aziz Joe,14,226627,619273,1342955.0,SOLID,40,20,10,561795|1181239|836433|557383|1481119|1192904|323885|226627|825663|2190358|2739749|2144904|3920039|619273,1897|1963|1851|2017|1852|1998|2186|2218|2213|2068|2197|2203|2126|2229
269,2078562,False 9,Madders K,8,410144,628962,2456477.0,SOLID,40,20,10,4934000|5706925|799457|410144|735948|4426090|2010292|628962,1444|1336|2114|2289|2283|2030|2260|2228
270,5966772,FANTASY XI 26/27,Afiq Razali,7,161489,804008,1540286.0,SOLID,40,20,10,4184558|2126794|161489|2041541|993524|470090|804008,1785|1980|2362|2086|2356|2378|2209
271,5948418,SurenThiago8 FC,Surendran Panier Selvam,11,444062,853644,2157124.0,SOLID,40,20,10,2016450|1677042|959939|3238479|528109|4971747|3692287|3468325|1878276|444062|853644,1491|1823|2028|1887|2154|1742|1908|2140|2224|2420|2204
272,1668055,X3MEZ,Vimalan Muhelan,9,282291,680090,2077985.0,SOLID,40,20,10,4483514|3428773|3351175|282291|1406942|2893268|629604|1546206|680090,1557|1869|1878|2321|2169|2185|2352|2297|2222
273,25803,CHANGKAT JERING FC,nubairi hasan,12,154074,548569,510548.0,SOLID,40,20,10,940798|167104|154074|434875|373279|264411|490796|376213|1316262|635207|424983|548569,1832|2121|2139|2111|2175|2208|2272|2377|2321|2351|2424|2238
274,1134630,Carrick the Carrot,Ivan Frederick,4,654503,818448,908206.0,SOLID,40,13,20,877556|654503|1282318|818448,2370|2348|2320|2208
275,160983,FPL Fafi,Faqrul Syahfi,12,186609,429538,1741881.0,SOLID,40,25,5,992359|870877|786918|527587|186609|1290364|1384222|854454|4113277|3308627|6157740|429538,1822|1960|1964|2093|2227|2058|2137|2259|2090|2117|1937|2254
276,39300,NEON FPL,Hanief Jaafar,8,133984,133984,2719719.0,SOLID,40,25,5,5908050|2198827|7789042|4239480|691966|565775|230631|133984,1072|1973|932|1855|2395|2362|2466|2315
277,554203,SantoRyu FC,Muhamad Razif Abd Kadir,10,140678,763551,1584902.0,SOLID,40,20,10,3989055|569300|284613|140678|1855024|2240856|2173910|2453873|1378162|763551,1277|2086|2196|2247|2082|2062|2243|2180|2311|2213
278,701037,ABDEFC,Amiey Lxix,6,188873,636951,2435282.0,SOLID,40,20,10,6164173|2048781|4251818|1321094|188873|636951,563|2085|2079|2272|2478|2227
279,3203288,Celup Rovers,Ghaz Ismail,16,251132,530747,1288150.0,SOLID,40,20,10,251132|1220970|616608|889713|686150|1556178|858563|988883|1507130|969429|3330204|2215767|1440414|3052400|496108|530747,1703|1706|1884|2038|1880|1844|1951|2024|2032|2093|1927|2065|2308|2136|2412|2240
280,192665,Budiman Tenang XI,Mhd Hfz,16,132129,690144,1055420.0,SOLID,40,20,10,1356480|304473|1502121|735563|982697|1400070|132129|711196|911825|480446|1230106|3127416|330027|1743625|1248397|690144,1612|1941|1684|2077|1824|1871|2151|2063|2092|2162|2156|1965|2458|2235|2323|2221
281,3336887,Relax Fuenlabrada,Skell Farmer,5,282923,285307,2921406.0,SOLID,40,25,5,2741861|10989921|307019|282923|285307,2006|943|2413|2452|2278
282,275629,Jusbert F.C,Justin Gilbert,5,180272,921403,646289.0,SOLID,40,20,10,180272|206973|1319924|602875|921403,2456|2489|2272|2396|2198
283,145275,Hemo Hemo,Mohamad Suhaini Salleh,11,388171,983619,1371710.0,SOLID,40,20,10,2637366|613395|673914|1103546|893447|2040063|2806149|2232135|717001|388171|983619,1582|1998|2069|2071|2102|2062|1999|2238|2339|2430|2192
284,15198,Invincible,Mateen Aqiqi,6,302093,616524,1833442.0,SOLID,40,20,10,2120068|3873276|2759996|1328692|302093|616524,1980|1869|2195|2271|2448|2229
285,657285,Fuyooo,Kamal Sarit,11,232870,677013,1426227.0,SOLID,40,20,10,232870|654888|876182|1439853|2041681|1969996|1570423|700438|1877107|3648051|677013,1921|1839|1959|1858|1897|1993|2030|2233|2106|2145|2222
286,59959,Alan's Team,Mohd Lanz,9,468202,673781,1379004.0,SOLID,40,20,10,2905616|1192968|844282|1607200|2711311|468202|1309754|697919|673781,1788|2062|2108|2110|2009|2430|2273|2383|2223
287,1655874,"""RED DEVILS ReViVaL""",nagendran raju,9,433567,666774,2030135.0,SOLID,40,20,10,1684524|4215306|1215161|1204638|2033684|433567|3656130|3161429|666774,1820|1781|2066|2160|2087|2437|2091|2179|2224
288,901095,Bawign,Nick Madaun,5,245456,245456,2463779.0,SOLID,40,25,5,8822022|999632|1066584|1185199|245456,839|2355|2297|2329|2286
289,54315,AFC Eléktra,Ard Elektrà,10,189495,189495,764890.0,SOLID,40,25,5,4147102|392535|346860|477061|714616|230969|207276|231804|711181|189495,1079|2120|2181|2163|2231|2432|2489|2434|2381|2299
290,162164,Batang kali,anuar yunus,8,324530,967170,1445593.0,SOLID,40,20,10,3637600|1205287|1095599|324530|1111629|1871726|1351203|967170,1691|2061|2079|2310|2214|2269|2314|2194
291,34569,Marinaratzi,Mohd Haffiszul Mohd Said Senang,20,76162,3563528,1149051.0,CASUAL,39,24,5,180287|143849|502057|817025|76162|602574|650319|114826|209139|1215468|687506|1327305|1293344|855072|1802004|594099|1407969|1062094|5876394|3563528,1751|2021|1710|1861|2006|1852|1876|2277|2001|1902|1983|1982|2052|2107|2088|2315|2311|2297|1964|2026
292,143881,TANJUNG SEPAT FC,MOHAMAD SYAHRIZAL-P.P.F.B.M-,10,99767,3701704,1340413.0,CASUAL,39,24,5,4353938|99767|624102|528945|756557|563729|200846|1040387|1534151|3701704,643|2213|2130|2154|2224|2323|2491|2300|2298|2019
293,3621373,Bota Calcio CF,Hang Nadim,4,496845,1162419,1474780.0,CASUAL,39,17,15,1825723|2414133|496845|1162419,2273|2183|2412|2177
294,103818,Rahimi Haaland,Mohamad Rahimi Osman,9,55626,1347839,961410.0,CASUAL,39,24,5,3621453|873772|1545689|96172|780229|199762|55626|132150|1347839,1693|2097|2032|2394|2274|2491|2514|2498|2162
295,959860,AFC BetterFly,Izzue Zulkarnain,3,227249,1501681,1141650.0,CASUAL,39,17,15,1696020|227249|1501681,2239|2467|2151
296,420613,LawanTetapLawan,Ahmad Aush,8,50648,1484141,2965113.0,CASUAL,39,24,5,128506|7472704|6365345|7588070|165387|50648|466101|1484141,2252|454|1537|1469|2502|2518|2417|2152
297,85902,Skintific,Helly Hansen,7,74488,3845579,2360525.0,CASUAL,39,24,5,7532432|1068521|74488|239496|2536174|1226983|3845579,343|2178|2525|2480|2174|2325|2011
298,151847,Durian pahit,Anuar Yunus,8,87147,1614476,1137203.0,CASUAL,39,24,5,4006568|317252|448476|172887|2048209|402609|87147|1614476,1638|2188|2168|2358|2085|2443|2519|2143
299,6611940,johnder,Firdaus Zulkefli,2,787249,787249,931836.0,CASUAL,38,13,20,1076423|787249,2340|2211
300,3484369,Hati Senang,Ck Doreaemon,1,196893,196893,196893.0,CASUAL,38,25,10,196893,2297
301,3777100,Pantashi,Idham Bakri,8,532641,998534,1580220.0,CASUAL,38,13,15,1358439|532641|2076414|1123811|2616380|2164031|1771507|998534,2046|2153|2058|2212|2207|2202|2278|2191
302,580214,Veteran FC,Muhammad Nizam Hassan,1,115642,115642,115642.0,CASUAL,38,25,10,115642,2321
303,2183432,Ben-R,Benhar Zulkifli,1,143962,143962,143962.0,CASUAL,38,25,10,143962,2311
304,168280,A Bathing Ape,Akmal Kal,1,104580,104580,104580.0,CASUAL,38,25,10,104580,2325
305,170385,Human Made,Muhammad Amirul,1,155015,155015,155015.0,CASUAL,38,25,10,155015,2308
306,11284,LEKIU,Qadir Juffrey,1,116200,116200,116200.0,CASUAL,38,25,10,116200,2321
307,522811,DBKU,azmil jais,8,707604,707604,2783914.0,CASUAL,38,13,15,2598339|3490935|2914880|3177737|3083970|1319924|4977919|707604,1942|1867|1970|1960|2170|2272|2046|2219
308,733927,Xabi MasterClass,Syaz .,1,170961,170961,170961.0,CASUAL,38,25,10,170961,2484
309,75689,CHEKOK FC,Nor Hafisah,5,446819,3029376,2123528.0,CASUAL,37,17,10,3961152|2541943|446819|638349|3029376,1882|2213|2383|2391|2056
310,1851845,Philadelphia 76ers,Nabil Rabbani,10,473130,5025683,1302304.0,CASUAL,37,17,10,473130|759223|679156|1233500|1038117|579524|1194234|1395195|645277|5025683,2034|2056|2122|2064|2182|2319|2333|2265|2390|1948
311,4764772,apokalips,NorFaizah Ishak,5,419188,4071984,4966963.0,CASUAL,37,17,10,8717269|10866871|419188|759503|4071984,989|1066|2388|2375|1999
312,4528027,KINGDOM FC,Hamdan Sukri,13,413255,5376321,2764141.0,CASUAL,37,17,10,2873371|1218103|470371|413255|2991842|1388867|2889482|2562293|3450569|4951337|1825158|5522865|5376321,1356|1780|2035|2045|1777|2043|1916|2006|1932|2024|2228|1998|1929
313,141141,Zadevils FC,Izzad Irfan,17,196943,1092464,972947.0,CASUAL,37,17,10,723374|864711|1755792|747951|2200198|1472856|2886372|817298|801956|261516|482835|461857|196943|401953|1005563|366465|1092464,1636|1845|1484|1816|1451|1730|1507|1959|2050|2203|2162|2278|2448|2443|2304|2435|2183
314,1173202,KETUM GARING FC,ABD AZIZ JOHARI,5,260681,4309599,3460924.0,CASUAL,37,17,10,8447482|260681|751982|3534875|4309599,1222|2474|2334|2153|1986
315,451600,KUDIN SPURS [FMM],Kudin Spurs -FMM-,11,164802,2885761,1061000.0,CASUAL,37,17,10,164802|365028|233288|760780|2289181|558003|398553|1017210|2008730|989668|2885761,2122|2059|2160|2111|1966|2258|2369|2353|2214|2349|2064
316,2077831,PENARIK FC,KUDIN SPURS,10,421101,1352883,1645942.0,CASUAL,37,17,10,4073642|1155848|421101|515698|1936183|975001|893475|3161496|1974093|1352883,1190|2003|2165|2156|2073|2237|2368|2128|2263|2162
317,2669088,bobrouq fc,yusfaizal yunus,13,173393,1927343,999348.0,CASUAL,37,17,10,2337726|329560|176933|273700|2543004|268745|1016087|443381|173393|1021229|1322197|1158220|1927343,1591|1962|2117|2088|1835|2201|2088|2282|2460|2353|2272|2332|2122
318,2866493,~D'BlackPearl~,DANZELL ARSENE,9,226367,1821419,2682645.0,CASUAL,37,17,10,5040930|226367|669319|1206742|2755244|2483979|3725474|6214327|1821419,1403|2213|2132|2159|2004|2217|2085|1931|2128
319,677520,FC Itik Garang,Apexxo Izham,15,302237,1729450,836770.0,CASUAL,37,17,10,592022|322179|768339|380795|920358|924066|1378078|302237|2174861|583577|660925|725512|406400|682758|1729450,1855|1964|2069|1948|1952|1940|1976|2192|1976|2254|2300|2390|2391|2385|2135
320,4139746,FC My Team,Rimba Bara,4,186160,428965,829271.0,CASUAL,37,25,5,406969|2294989|186160|428965,2442|2192|2479|2254
321,4494700,JimYaNun,Alipbata Abc,10,110964,1554887,1346051.0,CASUAL,37,17,10,4479458|582387|1828314|528725|185820|110964|783111|2242133|1164708|1554887,64|2084|2005|2154|2353|2497|2382|2196|2331|2147
322,4936328,FZTHEKING,Faris Zariza,10,361451,1112868,2056560.0,CASUAL,37,17,10,1393769|1713616|1666396|1026356|5642010|2391746|361451|2565418|2691965|1112868,1865|1936|2018|2086|1651|2044|2451|2172|2211|2181
323,1679232,ArunRedda5,kanniappan muniandi,12,240817,1676681,1838496.0,CASUAL,37,17,10,520657|1175451|712906|240817|1091453|1337700|1572606|3937907|1630665|4486942|3678170|1676681,1914|1909|1978|2157|2072|2053|2114|1884|2290|2025|2143|2138
324,260040,Pendekar Penyu,azmi ahmad,10,196196,2385177,1443447.0,CASUAL,37,17,10,2208260|533822|2670040|2926920|620848|772334|196196|822397|1298474|2385177,1744|2092|1936|1913|2247|2276|2492|2325|2318|2093
325,60077,INDAH SARI FC,Muhammad Syaqieb,6,197412,2109094,1260816.0,CASUAL,37,17,10,2133575|317786|1001833|1805198|197412|2109094,2052|2397|2355|2230|2475|2110
326,1148714,Alang FC,P P,5,286364,1861181,4689338.0,CASUAL,37,17,10,9089746|11216328|286364|993072|1861181,178|589|2419|2348|2126
327,242977,Topaz FC,MadNor Fernandes,16,102205,2658260,1674985.0,CASUAL,37,17,10,1230336|980042|572949|803711|1031893|1437587|710936|102205|316191|880819|1668824|1916351|2828824|5165301|4495529|2658260,1647|1762|1894|2060|1815|1865|1979|2212|2188|2104|2103|2101|2190|1969|2084|2077
328,2461706,STREETWEAR JAPAN,AMIRUL AKIM,3,339456,596390,849837.0,CASUAL,37,20,10,1613666|339456|596390,2140|2456|2357
329,673321,Gopengrian XI,Kyo Gooner,10,231373,1786486,1381257.0,CASUAL,37,17,10,4408051|2846476|1292826|503016|856510|471757|231373|423776|992298|1786486,494|1796|2052|2158|2208|2347|2482|2387|2348|2131
330,78287,NJ LEGACY,NORIMAN JAAFAR,13,213348,2335155,1633543.0,CASUAL,37,17,10,1718505|1584680|1332472|1159744|3267534|244522|287105|633176|213348|2332674|2833682|3293456|2335155,1803|1708|1883|1901|1741|2208|2202|2245|2440|2230|2152|2170|2096
331,1647514,TheBillionaire,Amin Misran,8,155271,1917309,2148447.0,CASUAL,37,17,10,4207617|639027|155271|615025|3326554|2240586|4086184|1917309,1782|2137|2365|2310|2151|2196|2114|2122
332,934829,Jutawan,Amin Mohamad,7,246167,4589564,2640821.0,CASUAL,37,17,10,2219574|477916|246167|2865119|3334735|4752670|4589564,1972|2274|2425|2187|2115|2064|1971
333,428986,®-®Laugh Tale®-®,Uncle J,13,376331,4596519,3933133.0,CASUAL,37,17,10,1408217|1005608|376331|1310278|2248232|2291730|4527831|1354443|3246214|7119806|10711014|10934509|4596519,1900|1820|2057|1878|1872|1967|1778|2141|1953|1840|458|989|1971
334,2034083,RAMC,Ameerul Attria Ismadi,9,224997,1707879,1445644.0,CASUAL,37,17,10,1341857|1741201|577281|2846916|501768|867513|224997|3201387|1707879,1980|2012|2146|1977|2339|2371|2436|2176|2136
335,1213239,Narwhal FC,Izzaty Suhaini,6,259952,1822912,3384204.0,CASUAL,37,17,10,7944812|4270228|259952|2714172|3293151|1822912,705|1852|2474|2161|2170|2128
336,268825,Kumulunimbus FC,Lokman Hakim,15,262990,2602056,2898502.0,CASUAL,37,17,10,936734|1562910|262990|1602172|687419|708055|1949280|4892297|3536896|4178647|5621270|6154087|5379425|3403285|2602056,1771|1668|2210|1704|1992|1979|1908|1667|1863|1836|1719|1925|1951|2162|2080
337,1720476,GM6 Legacy,Darren Adam Daniel,9,243157,3404427,1454997.0,CASUAL,37,17,10,1194129|503890|1646823|2959815|756586|1133955|1252188|243157|3404427,1998|2149|2023|1965|2279|2340|2278|2462|2035
338,87289,il nostro capitano,Paolo Baresi,4,155763,894433,2567512.0,CASUAL,37,20,10,5214735|4005115|155763|894433,2003|2064|2489|2200
339,668818,Azman FC,Sang Gupa,15,158684,2307314,1127120.0,CASUAL,37,17,10,251344|287294|212677|582197|1965227|703212|158684|1162740|1918117|1088138|2178930|1935935|272497|1882496|2307314,1961|1976|2230|1901|1762|1980|2185|2065|1998|2175|2069|2263|2422|2270|2098
340,2788104,Dangerous's Team,Dangerous Boy,6,271804,4202763,1688199.0,CASUAL,37,17,10,282291|1916199|2473188|982949|271804|4202763,2321|2101|2218|2306|2455|1992
341,2054926,Gagak Hitam FC,Gagak Hitam,12,141646,5219927,2774021.0,CASUAL,37,17,10,799969|190990|1384306|141646|1977068|3468269|2706233|2535310|2130259|4150634|8583644|5219927,1804|2015|1907|2032|1759|1865|1931|2009|2075|2087|1665|2025
342,44139,STEVEN GERRARD,ENCIK GERRARD,11,208694,2472139,1052957.0,CASUAL,37,17,10,345996|523653|326869|736595|1778529|761902|208694|1484089|1564400|1379657|2472139,2064|2018|2135|2114|2011|2223|2442|2304|2250|2311|2088
343,610326,FC BLUE HAKURYUUKOU,AbamJohn KrazēKagē ²,13,337066,3721219,2152245.0,CASUAL,37,17,10,981703|2078973|837231|1575611|337066|621366|2209499|2041392|1951814|5127876|4069141|2426290|3721219,1711|1469|1834|1849|2132|2130|1973|2062|2097|2010|2059|2230|2018
344,124224,AMPANG FC,SYAFIQ BOW,16,175764,3060739,1386877.0,CASUAL,37,17,10,1897270|1050201|509549|1160413|1464776|764240|175764|1328290|595429|1092701|1594815|1199374|1744610|3838518|713337|3060739,1430|1694|1910|1969|1732|1979|2128|1982|2134|2079|2112|2200|2280|2077|2381|2054
345,148668,Logan Andy FC,Logan Andy,18,183766,2869903,1420476.0,CASUAL,37,17,10,413421|491208|559565|1093056|726723|1137805|183766|533688|690040|1874380|1946650|1518381|347433|1092514|2088715|3639528|4361796|2869903,1742|1976|1819|1736|1859|1975|2012|2022|1983|1917|1995|2035|2304|2217|2250|2092|2094|2065
346,27362,Taman FC,Muhammad Izzat,2,449971,1243002,846486.0,CASUAL,37,17,15,449971|1243002,2419|2170
347,335225,Honda HRV Zuliana,Phil Foden,6,391905,3664540,1804436.0,CASUAL,37,17,10,391905|1663527|413473|3251948|1441224|3664540,2179|2104|2365|2157|2306|2021
348,172267,<3,Gwen Stacy,3,391885,391885,3173729.0,CASUAL,37,25,5,8226968|902333|391885,1706|2358|2259
349,2669418,Gedebak Gedebuk FC,Ini Ayah,5,3804967,6520843,4747460.0,CASUAL,36,6,20,4505194|3838477|3804967|5067820|6520843,1829|2111|2079|2038|1866
350,5733547,DEEJA FC,Iman Riezqy,5,8243322,12379861,10404239.0,CASUAL,36,6,20,8243322|11155264|10143166|10099584|12379861,1311|707|1237|1449|1089
351,1316986,Ketipak Ketipung FC,GeiSHa ReTRo,7,6405721,11103957,8548877.0,CASUAL,36,6,20,7444320|7878442|8260528|9032938|9716234|6405721|11103957,495|802|1305|1628|1450|1912|1508
352,1736407,Dirtygrey007,Ademond Suring,6,4142121,7903705,6454085.0,CASUAL,36,6,20,5718766|7471268|4142121|8615998|4872650|7903705,1640|1489|2087|1661|2054|1783
353,78414,SUPER RING,King Cobra,6,4527670,4527670,6339277.0,CASUAL,36,6,20,8038628|4974081|5449716|6272344|8773223|4527670,547|1784|1984|1878|1667|1974
354,69004,SNICKERS,Real Karma,6,5016269,5016269,6134467.0,CASUAL,36,6,20,7056261|5929921|5449815|6870961|6483577|5016269,1387|1687|1984|1829|1904|1948
355,5266229,DNS F.C 1,Naim Mukhtar,8,3500353,3500353,5324268.0,CASUAL,36,6,20,5458234|5402636|6639392|5339604|3664271|7012614|5577037|3500353,1064|1517|1433|1694|1911|1850|1935|2030
356,3125975,TANJUNG TUALANG FC,MRIZ ABDULLAH,5,3921237,9594918,6423825.0,CASUAL,36,6,20,5090909|6745926|3921237|6766135|9594918,1772|1874|2070|1875|1663
357,3802640,The Gunners,Md Salim,6,7632853,10106049,9564935.0,CASUAL,36,6,20,8088357|7632853|10726743|9699906|11135700|10106049,438|1461|1171|1455|737|1618
358,2326547,cash out united,Ezsoraphia HMY,5,6168017,11399559,9961206.0,CASUAL,36,6,20,6168017|11230706|10749381|10258369|11399559,553|560|355|1403|1462
359,2612264,A34M,M Azam Roslan,9,1353893,4384479,3490683.0,CASUAL,36,6,20,2690311|3862777|4362056|4803196|3741586|3005977|3211875|1353893|4384479,1816|1824|1793|1763|1903|2176|2124|2313|1982
360,16162,Victory,Maya Ayaya,3,69333,1063318,3854183.0,CASUAL,36,24,5,10429899|69333|1063318,950|2529|2185
361,848553,WEST COAST WALAWEYY,AbamJohn KrazēKagē ³,6,5655725,10993196,9303169.0,CASUAL,36,6,20,8114352|8964351|11370619|10720769|5655725|10993196,387|551|148|434|1986|1523
362,382254,Anggerik indah,Acoi Ganu,6,2345459,2976960,3353472.0,CASUAL,36,6,20,3351015|2345459|2693182|3669420|5084797|2976960,1925|2050|2201|2090|2037|2059
363,1839500,Grenggoz,Azmin Azram,5,5635452,10280227,6710843.0,CASUAL,36,6,20,5635452|6126193|5721252|5791089|10280227,744|1577|1640|1917|1395
364,243641,Vios Dugong FC,Tigerbukh Masri,9,2750049,8420011,5200385.0,CASUAL,36,6,20,4142783|5477074|5389750|5295004|2750049|6735100|4527776|4065915|8420011,1617|1484|1689|1700|2005|1875|2022|2116|1750
365,1431256,MKI FPL HUIT,Khal Al Amin Khalid,6,2529804,3991795,3442311.0,CASUAL,36,6,20,3904778|2848994|4698956|2679537|2529804|3991795,1866|1994|2044|2163|2222|2003
366,996709,BUNGA ROS,NURNASHRAH HANAFI,6,2911278,8255067,5500047.0,CASUAL,36,6,20,5078800|6159132|2911278|4632407|5963600|8255067,1728|1662|2183|2013|1956|1761
367,222113,TOK UBAN FC,ZAIDIEY IBRAHIM,8,733429,4813665,2241488.0,CASUAL,35,10,15,905364|733429|1109474|2884797|1751399|2460986|3272790|4813665,2093|2123|2172|1990|2279|2179|2171|1959
368,4741656,Lil Uzi Wirtz,yeppo diaz,7,817832,1468714,2304821.0,CASUAL,35,10,15,3206592|4458037|2845795|1001198|2335581|817832|1468714,1890|1804|1994|2355|2189|2368|2153
369,3230810,Kuroi Sento Ft,Nasrul Nazwan,13,706113,1340740,1670182.0,CASUAL,35,10,15,1219701|1795767|850738|1556273|1958890|3563816|2162092|1026019|753315|2642994|706113|2135905|1340740,1953|1665|1964|1841|1907|1856|1977|2184|2280|2205|2341|2251|2163
370,4527137,RISING FC,Hamdan Sukri,9,724818,2829852,1345540.0,CASUAL,35,10,15,724818|811386|1231575|1168128|1203807|731821|2040086|1368391|2829852,2061|2104|2064|2164|2199|2389|2211|2312|2067
371,4541085,Random Eleven,Joey Lim,5,725554,3859955,2525742.0,CASUAL,35,10,15,725554|2169655|2368456|3505088|3859955,2285|2243|2186|2155|2010
372,1877208,MACHAN FC,NAJMI SYUKRI,16,932872,5002928,2445066.0,CASUAL,35,10,15,1647201|1222077|1433254|1958803|1573972|1199875|932872|2736870|2836071|4803718|3143756|3106846|3840412|1569809|2112585|5002928,1523|1706|1701|1722|1710|1905|1938|1810|1922|1752|1946|1967|2111|2249|2252|1949
373,1188889,KETUM MIONG FC,AZIZ JOHARI,5,831153,3256925,1990471.0,CASUAL,35,10,15,1068367|2318800|2477112|831153|3256925,2221|2231|2178|2366|2043
374,45694,Kasut Bola Fantasy,Senpai Niezam,10,908909,4028310,2603175.0,CASUAL,35,10,15,4173582|908909|1447616|1724908|1699341|1506112|4789139|4030034|1723795|4028310,1028|2035|2038|2016|2100|2155|2037|2062|2282|2001
375,2692641,Rambutan FC,Mohd Farid Teh Kamaruddin,12,698379,5693680,3245490.0,CASUAL,35,10,15,698379|2114007|818413|2220416|2229500|3991874|5115627|5334611|3880529|2846742|4002100|5693680,1865|1669|1854|1699|1874|1809|1720|1748|2108|2151|2120|1912
376,1107835,Dobi-Dobi,Don Iz,3,818208,818208,3342240.0,CASUAL,35,13,15,4426990|4781521|818208,2030|2062|2208
377,5178475,Col,Muhammad Nasri,7,863805,3743473,3906300.0,CASUAL,35,10,15,5548818|4060496|4472811|863805|1882834|6771860|3743473,1669|1849|1832|2371|2223|1874|2016
378,31165,RezQiAnak²,Ahmad Alwi Arif,7,772902,3314714,3803121.0,CASUAL,35,10,15,7393176|3881114|772902|5252214|1430365|4577364|3314714,576|1869|2276|2000|2262|2078|2040
379,3962435,Bola Kickers CF,Hang Tuah,4,646847,646847,1536012.0,CASUAL,35,13,15,2554981|2189131|753088|646847,2212|2200|2376|2226
380,100601,Vangabond,Vtec 24,9,860846,3790374,5576349.0,CASUAL,35,10,15,5434923|5626010|1956745|5339579|860846|10548327|9677465|6952870|3790374,1096|1399|1995|1694|2258|1270|1461|1856|2014
381,3689164,Long Rumah,taufik arfan,13,583393,5341148,2558427.0,CASUAL,35,10,15,2401271|583393|2491452|2856704|1045961|2414679|1512157|3176428|1266108|4735966|2698206|2736074|5341148,1305|2116|1516|1640|2017|1957|2036|1943|2190|2041|2162|2208|1931
382,188959,NJ CHANNEL,NORIMAN JAAFAR,9,536548,4520404,2388831.0,CASUAL,35,10,15,1781740|1826708|3279470|1851215|536548|3200150|676660|3826582|4520404,1928|2005|1884|2082|2330|2161|2345|2133|1975
383,50836,Areca United,NAGIB TALIB,8,360918,895558,2654389.0,CASUAL,35,20,5,1775723|5495322|482842|866136|8596710|2761901|360918|895558,2009|1676|2273|2257|1685|2157|2436|2200
384,1639500,Hang Awat,Hang Awat,7,916606,2767514,3899486.0,CASUAL,35,10,15,916606|6090230|3677583|4650238|4055576|5138653|2767514,2091|1584|1909|2048|2060|2032|2071
385,2419271,Try Test Fc,ok ok je,4,839987,839987,2402834.0,CASUAL,35,13,15,2406686|3953000|2411663|839987,2224|2068|2231|2206
386,948987,Ser Dunk Edwards FC,Yap Stam,5,160477,897511,835192.0,CASUAL,35,20,5,2740059|160477|172885|205027|897511,2006|2504|2454|2473|2200
387,2555291,Zehra,Zehra John,7,625586,6710577,3918271.0,CASUAL,35,10,15,7369492|3456720|3204517|625586|3837201|2223806|6710577,623|1914|1957|2404|2077|2244|1855
388,2325853,rubberband cash  fc,eshmy eshmy,8,887667,9560705,7126308.0,CASUAL,35,10,15,5799711|7039384|1221650|887667|11322340|10670039|10508966|9560705,1236|1157|2157|2253|320|547|1307|1666
389,2244682,Aye Utuk FC,muddy tok nebe,6,521229,3098856,2344188.0,CASUAL,35,10,15,521229|3183098|1667852|3013358|2580734|3098856,2265|1959|2287|2139|2219|2052
390,2048652,Beskal Tua,Fazli Fauzi,7,535632,2036170,2050142.0,CASUAL,35,10,15,3415696|1778027|1707283|535632|2646824|2231360|2036170,1873|2091|2128|2419|2166|2244|2115
391,1942472,Sir Wattana FC,Mohamad Ariff Mohamad Tayeb,10,982540,5418374,3714551.0,CASUAL,35,10,15,4212148|4825314|3810534|982540|2161327|3493972|3819704|4069008|4352593|5418374,946|1478|1830|2092|2049|1928|2113|2059|2095|1927
392,153596,SUNGAI PELONG FC,ANSTAR SAFFUWAN,5,932647,2488650,1641640.0,CASUAL,35,10,15,1185927|932647|2223654|1377323|2488650,2202|2363|2197|2311|2087
393,153549,KMS Bandong FC,Zake Bilong,4,959350,959350,6722899.0,CASUAL,35,13,15,10783342|7918885|7230020|959350,1132|1737|1828|2194
394,1217789,Dato Barong,Pemburu Amoi,5,506686,2827839,1621449.0,CASUAL,35,10,15,2572391|1187927|1012402|506686|2827839,2024|2334|2303|2410|2067
395,1563292,FPL PSK,Azizi Hashim,3,258387,1765605,3243793.0,CASUAL,34,17,10,7707388|258387|1765605,1757|2458|2132
396,200284,TMBA,Pasir Puteh,3,425353,11309989,5258805.0,CASUAL,34,17,10,4041072|425353|11309989,2061|2424|1477
397,195292,Fpl Sufey's,Paly Avy,4,462728,12686982,6541256.0,CASUAL,34,17,10,10714293|462728|2301022|12686982,1179|2380|2239|773
398,981376,antOo,Are Kim,4,139855,1431604,4070683.0,CASUAL,34,17,10,8721222|5990052|139855|1431604,983|1901|2495|2156
399,65370,Nwa's Team,Nwa Yunus,3,127578,1340567,751709.0,CASUAL,34,17,10,786983|127578|1340567,2330|2500|2163
400,2961637,Black Pearl FC,Pahlawanku Jebat,5,533153,533153,1879679.0,CASUAL,33,13,10,4964263|1110115|1945337|845528|533153,1785|2343|2219|2365|2240
401,224833,Blue Moon,Ted Guardiola,9,522948,522948,2066242.0,CASUAL,33,13,10,5698477|735532|699324|1022795|2062372|2138192|3825249|1891286|522948,632|2114|2128|2184|2083|2246|2078|2269|2241
402,692696,Kinsky Night Out,Yue Ming Koo,3,3342188,3342188,5274470.0,CASUAL,33,6,20,5845552|6635671|3342188,1912|1888|2038
403,2298268,Kinabalu Ft,cyril kinson,4,3317940,4274559,4591566.0,CASUAL,33,6,20,5186707|5587060|3317940|4274559,2005|1934|2168|1988
404,2692903,Ciku FC,Mohd Farid,4,3334735,4031998,4325575.0,CASUAL,33,6,20,6229420|3334735|3706147|4031998,1919|2115|2141|2001
405,2917045,~D'BlackDiamond~,Deirdre Amber,3,3802473,3802473,4531621.0,CASUAL,33,6,20,4607565|5184825|3802473,2015|2028|2013
406,76657,SUNQUICK,Romeo The King,3,5596455,5596455,9249005.0,CASUAL,33,6,20,10825902|11324659|5596455,74|412|1917
407,72666,TWISTIES,Unnal Mudiyum,4,6556600,6556600,8688834.0,CASUAL,33,6,20,11303760|10069271|6825705|6556600,378|1289|1869|1864
408,71400,APOLLO,We Champion,4,3216468,6309550,5249704.0,CASUAL,33,6,20,4510336|3216468|6962460|6309550,2059|2124|1855|1878
409,70245,CRISPY,Never Give up,4,5886462,6307295,6121127.0,CASUAL,33,6,20,5886462|6015062|6275690|6307295,1948|1899|1925|1878
410,59442,CADBURY,Lets Do it,4,5934630,9609541,8377296.0,CASUAL,33,6,20,10865584|7099427|5934630|9609541,1067|1810|1959|1661
411,2082244,FAFI,FSS §,3,10303000,12721061,11280548.0,CASUAL,33,6,20,10303000|10817584|12721061,1094|1106|722
412,5266941,DNS F.C 2,Naim Mukhtar,4,3920219,7013422,6150020.0,CASUAL,33,6,20,3920219|7700055|5966383|7013422,1886|1784|1903|1837
413,1979412,REMEMBER ME,Cah Alias,3,3058789,3058789,3870464.0,CASUAL,33,6,20,4676301|3876301|3058789,2046|2074|2186
414,2913933,YEOP FC,YEOP 24,3,8712936,10930775,10079483.0,CASUAL,33,6,20,8712936|10594737|10930775,1649|1263|1531
415,3050249,Baihaqim,Nik Haqim,3,8598407,12308626,10564289.0,CASUAL,33,6,20,10785834|8598407|12308626,233|1687|1145
416,1408447,OVERVOLT FC,Ahmad Nazli,9,703516,703516,2778402.0,CASUAL,33,13,10,2051565|1816501|2720968|4706431|7370771|1986743|1943513|1705610|703516,1896|2006|1930|1775|1506|2259|2219|2284|2220
417,3854178,KHALIFAH SUFI,KHALIFAH SUFI,4,4140890,5727132,5025443.0,CASUAL,33,6,20,4140890|5952278|4281473|5727132,1864|1904|2100|1910
418,851807,BisayaSuangLawa,Ako Bo-iti Suang Lawa,4,10313392,11031078,10728684.0,CASUAL,33,6,20,10313392|10710696|10859571|11031078,1363|459|1067|1518
419,2602717,TyreFlux,Ahmad fedaeez Md kamal,3,5624926,5624926,8187126.0,CASUAL,33,6,20,8797512|10138939|5624926,1637|1438|1915
420,1295405,TerryBall,TERRY BENJAMIN,4,5580658,8693429,8233048.0,CASUAL,33,6,20,11218309|7439797|5580658|8693429,585|1781|1993|1731
421,3390083,CAGE LOCK,CAGGY CAGGY,4,8097322,8097322,9130577.0,CASUAL,33,6,20,11188189|8830610|8406187|8097322,644|1633|1708|1771
422,2556055,Tiger Cape,Abdul Wahub,3,2517310,2517310,3542522.0,CASUAL,33,6,20,3726161|4384095|2517310,1904|2092|2085
423,1152361,SirAkmal Alonso,SirAkmal Alonso,3,4064244,4161440,5100322.0,CASUAL,33,6,20,7075282|4064244|4161440,1812|2116|1994
424,591872,FC RED SEKIRYUUTEI,AbamJohn KrazēKagē ¹,4,5803174,6061646,6453544.0,CASUAL,33,6,20,5803174|6530354|7419001|6061646,1955|1857|1809|1892
425,579716,Epal Biru FC,Abu Bakar Atan,4,2322223,3174650,3237892.0,CASUAL,33,6,20,2878237|4576458|2322223|3174650,2186|2018|2237|2048
426,1208592,Labi-Labi,Raja Nyamuk,4,9015034,12721686,11038298.0,CASUAL,33,6,20,9015034|11185134|11231340|12721686,422|650|588|721
427,1206826,Kura-Kura,rajas lalat,4,9060370,12738787,11041114.0,CASUAL,33,6,20,9060370|11139288|11226013|12738787,287|735|597|693
428,830016,Rama-Rama,king grandezamin,4,8977850,12713502,11002850.0,CASUAL,33,6,20,8977850|11023421|11296626|12713502,517|904|468|734
429,827107,Kupu-Kupu,king grandeza,4,5822857,5822857,9274385.0,CASUAL,33,6,20,8976613|10955393|11342676|5822857,520|981|370|1905
430,1163046,Elvina Oms,bobo bobby,4,5695710,7247614,8330241.0,CASUAL,33,6,20,9124960|11252679|5695710|7247614,24|512|1982|1824
431,1159591,Davitta Oms,Raz MZminrose,4,6804386,6804386,8698805.0,CASUAL,33,6,20,9126154|11317192|7547488|6804386,-100|338|1796|1850
432,1430225,MKI FPL ENAM,mohamad khalid ismail,4,3931990,5022626,4643753.0,CASUAL,33,6,20,3931990|5575046|4045349|5022626,2104|1935|2117|1948
433,736157,Maggi Goreng Doublee,soya cincau,3,4440018,4440018,5001216.0,CASUAL,33,6,20,5467335|5096295|4440018,1944|2036|1979
434,735785,Mcm Pas Dengan Mca,leongchen lim,3,4443333,5231113,6045023.0,CASUAL,33,6,20,8460624|4443333|5231113,1680|2088|1937
435,1858567,Kinder Mbeumo,Jose Yan,3,889875,5725197,3945306.0,CASUAL,32,10,15,5220846|889875|5725197,1964|2359|1910
436,1150909,SERDANG FC (KEDAH),RAZALI AHMAD,7,311192,1535431,1955778.0,CASUAL,32,17,5,7189740|311192|2333408|852263|821257|647154|1535431,956|2313|2051|2373|2325|2389|2148
437,5732933,ALANG FC,Kamal Syafik,6,370325,1671304,1560165.0,CASUAL,32,17,5,5188995|726953|975128|428284|370325|1671304,1714|2285|2358|2386|2434|2139
438,220894,Ekpon Fc,Mr. 5y3d,5,224362,1411404,3348473.0,CASUAL,32,17,5,8962639|5791043|352917|224362|1411404,555|1956|2402|2467|2157
439,2079522,DeZerbi,Mr K,8,353524,1248355,1571079.0,CASUAL,32,17,5,5476576|359651|1897322|477233|353524|924777|1831192|1248355,1037|2178|2000|2274|2384|2313|2274|2170
440,163703,FPL Fanis,CS WK,12,139061,9670137,2125944.0,CASUAL,32,17,5,1262131|520842|1401369|826708|139061|895415|3682776|2146717|2817137|394455|1754585|9670137,1941|1914|1871|2046|2247|2102|1890|2073|2191|2393|2280|1657
441,692887,KUDA JALANAN,JON KARANHEIT,4,961400,2697747,1808853.0,CASUAL,32,10,15,1163987|961400|2412279|2697747,2337|2309|2231|2075
442,29608,KUALA PING FC,FIEZ R46,7,234594,2539368,2243052.0,CASUAL,32,17,5,7388849|1075611|234594|2663609|1110951|688384|2539368,584|2177|2430|2203|2292|2384|2084
443,2921196,FC Captain Tsubasa,Harraz Naufal,4,535144,2176099,1544375.0,CASUAL,32,10,15,1118408|2347848|535144|2176099,2342|2188|2406|2106
444,1691223,SelimutPutih,KHUSAIRIE KHUCAI -REDLINE-,8,136746,9499052,1685757.0,CASUAL,32,17,5,2082591|263587|553707|136746|405333|381713|163326|9499052,1984|2208|2259|2480|2442|2396|2486|1670
445,3820042,Southern Tigers,Steven Don,6,494912,1614754,1986316.0,CASUAL,32,17,5,8217255|499826|529491|494912|561658|1614754,-63|2340|2420|2374|2402|2143
446,13519,LAKA SELATAN FC,BARD NCL,10,423298,11808393,3396705.0,CASUAL,32,17,5,1441790|465933|629667|804184|423298|2265633|5244471|5474748|5408933|11808393,1858|2105|2129|2114|2286|2059|2000|1943|2008|1373
447,5075270,MOSSAD FT,Alex's GSG,8,2413079,6024922,5627070.0,CASUAL,31,6,15,5300397|7593376|7866790|3443825|7590355|4783818|2413079|6024922,1556|130|820|1933|1795|2001|2231|1894
448,4769578,Mergong Cityz,mohd zaidi,5,1587543,6168906,4709195.0,CASUAL,31,6,15,5560489|4672133|1587543|5556903|6168906,1440|1813|2294|1936|1935
449,33861,Kasi Jadi,Afiq Jefry Anuar Yatim,8,1021773,1021773,2900925.0,CASUAL,31,6,15,3210538|2972608|4052450|2230818|3675571|2696989|3346654|1021773,1889|1909|1850|2063|2124|2162|2166|2189
450,1652684,Painkiller,Rock Carpark,11,1065699,1065699,2615387.0,CASUAL,31,6,15,1773260|1920336|3380853|2990859|2540177|2605522|1528429|1297986|5420879|4245262|1065699,1803|1787|1726|1909|1945|2002|2152|2323|1948|2103|2185
451,5072890,Amara FC,Mr Exel Muscle,2,3663319,6024204,4843762.0,CASUAL,31,6,20,3663319|6024204,2125|1894
452,4659869,HarLey QuinN,Ms Shakinah,2,6433440,7866010,7149725.0,CASUAL,31,6,20,6433440|7866010,1909|1786
453,3483148,TFc,Cyril Kinson,2,3513911,3513911,4464295.0,CASUAL,31,6,20,5414679|3513911,2008|2029
454,3951940,Goat FC,Didi Wajdi,6,1079445,3675782,2224984.0,CASUAL,31,6,15,2285672|1459406|3258350|1591248|1079445|3675782,2035|2161|2156|2247|2339|2020
455,53872,Meet The World,Qawiyy Sharif,6,1024655,3146242,2694614.0,CASUAL,31,6,15,2616474|3098163|4544952|1737201|1024655|3146242,2000|1968|2056|2235|2345|2049
456,2294509,WoWFC,Aghilan Tamil,12,1369792,1754933,2707021.0,CASUAL,31,6,15,1868197|1952683|1540749|3779976|5013466|2361715|1369792|2713357|2743533|1634775|5751074|1754933,1650|1765|1843|1671|1639|1960|2139|2009|2197|2244|1977|2133
457,1574246,Last Minute,Khairil Anuar,9,1184793,5114393,2944216.0,CASUAL,31,6,15,3175197|2374367|4760896|1679379|2154755|1184793|3872838|2181324|5114393,1753|1960|1756|2102|2072|2334|2074|2247|1943
458,43338,Optimus Prime,Optimus Prime,6,1475076,1475076,4844882.0,CASUAL,31,6,15,8097114|8095624|3061191|5843806|2496482|1475076,421|1357|2172|1913|2225|2153
459,1736861,Henniegrey007,Ademond Suring,6,1007367,8999257,5292362.0,CASUAL,31,6,15,6362840|6673927|1007367|2250771|6460012|8999257,1523|1478|2354|2195|1906|1709
460,74161,SMARTIES,Mad Sel,5,1825136,7210948,5925922.0,CASUAL,31,6,15,8786406|1825136|3901298|7905824|7210948,894|2273|2072|1760|1826
461,66649,KINDER JOY,Life Is Great,5,2997623,7561160,7527590.0,CASUAL,31,6,15,5216895|2997623|10579243|11283030|7561160,1760|2177|716|494|1805
462,75318,JOJO,Don Samsa,12,1945485,3912354,4309095.0,CASUAL,31,6,15,1945485|2118723|1987066|4444622|4840909|5296102|4046480|4342920|5657034|6419002|6698442|3912354,1634|1726|1777|1565|1678|1700|1851|1845|1967|1866|1882|2007
463,3787935,HAA TEPOK,Nazz Rieys,7,1281835,5525482,3593487.0,CASUAL,31,6,15,3805365|4270623|2116366|1281835|2829734|5325005|5525482,1841|1826|2077|2324|2152|2016|1921
464,3777328,ATEEN SANZ,MUHAMAD NAZZRI ISHAK,6,3134492,4722993,4776219.0,CASUAL,31,6,15,8074873|3255143|3134492|4077367|5392445|4722993,466|1952|2166|2058|2010|1964
465,3784086,IKAN TERMENUNG,Nazz Aten,6,1462656,5545394,5231210.0,CASUAL,31,6,15,8056497|9062586|1462656|2872900|4387225|5545394,507|279|2306|2149|2092|1920
466,1666660,Black Bulls,Yami Sukehiro,5,2127478,2127478,8614981.0,CASUAL,31,6,15,8546000|10690250|10647416|11063759|2127478,1158|1194|590|835|2109
467,92248,Evolution,Kawan 1,9,1624231,10606668,5350988.0,CASUAL,31,6,15,5423441|3773424|1624231|2904357|2208107|9018261|9017259|3583142|10606668,1111|1834|2025|1971|2066|1630|1604|2150|1569
468,3654302,THE FIGHTER,NURAZIRAH N NURAQILAH,5,4255323,8873947,6611039.0,CASUAL,31,6,15,4255323|10759657|4620273|4545997|8873947,1853|1149|2014|2080|1718
469,2797967,KOKDIANG FC,Muhd Irfan,2,3508060,3508060,3754313.0,CASUAL,31,6,20,4000566|3508060,2064|2155
470,1156554,Bro Zack team,Bro Zack,5,3175204,10522872,7480504.0,CASUAL,31,6,15,9083537|3175204|8872571|5748334|10522872,202|2163|1626|1977|1578
471,2671541,Pancaroba FC,Mohd Adli Ismail,13,1486036,5163044,2910003.0,CASUAL,31,6,15,1874875|1760410|1914767|2175046|1669814|1486036|2996478|2359078|1663645|5627844|5840090|3298910|5163044,1436|1569|1565|1586|1941|2034|1907|2027|2133|1969|1913|2169|1940
472,2616257,Kote Masai FC,Yop Kidey Yop Deraman,10,1754148,4951562,3918295.0,CASUAL,31,6,15,2777639|1754148|2190157|3391022|3025112|4428827|6582853|6233573|3848054|4951562,1441|1931|1975|1875|1958|1836|1888|1881|2131|1952
473,3470694,Ayayiba CF,Mat Yui Veloso,5,1409676,6629403,3733790.0,CASUAL,31,6,15,3864665|2904905|3860300|1409676|6629403,1891|2184|2075|2308|1860
474,81046,Indera97 FC,Muhammad Haikal,2,7165614,7165614,9289834.0,CASUAL,31,6,20,11414054|7165614,103|1828
475,61332,MHZ97 FC,Kal JR,7,1721314,11121650,5269303.0,CASUAL,31,6,15,4669739|7019623|4024240|5894926|1721314|2433632|11121650,1710|1397|1875|1947|2237|2229|1505
476,2815418,A-B 5%,Abby Yus,2,6846077,9980406,8413242.0,CASUAL,31,6,20,6846077|9980406,1867|1630
477,2052930,Salah No More,Anak Dris,6,2631518,2974974,4422491.0,CASUAL,31,6,15,3797336|3119688|9987934|2631518|4023494|2974974,1878|1966|1456|2167|2119|2059
478,158929,THE CHAMP IS HERE,Aru The Reds,6,1864617,2485374,3023335.0,CASUAL,31,6,15,5536012|2195976|2739196|3318837|1864617|2485374,1453|2067|2197|2116|2271|2087
479,50287,Bonda sayang,Mazlan Hasbullah,2,8120861,10731771,9426316.0,CASUAL,31,6,20,8120861|10731771,1738|1555
480,458287,OBAH FC,AAFW fj,6,1667048,1667048,6180189.0,CASUAL,31,6,15,7038881|8365506|10289508|6954875|2765315|1667048,1392|1263|1371|1822|2206|2139
481,460632,NANA FC,NANA 82,6,1230120,1844379,6507729.0,CASUAL,31,6,15,8024832|8590987|10526648|8829408|1230120|1844379,575|1122|1280|1633|2325|2127
482,450781,ARSENE FC,ARSENE FLARRY,6,2336465,6223771,6933378.0,CASUAL,31,6,15,8023304|2336465|10610644|9946722|4459362|6223771,578|2051|1239|1357|2087|1883
483,124434,FPL FIQ,FPL FiqTzy,8,1227297,6754844,4533412.0,CASUAL,31,6,15,4465108|3745535|3409073|1227297|4358608|4867998|7438830|6754844,1745|1846|1919|2196|2071|1994|1807|1853
484,1723314,Legendary FC,Darren Adam Daniel,5,1448343,3276029,2020969.0,CASUAL,31,6,15,1827868|1969627|1582976|1448343|3276029,2112|2260|2248|2305|2042
485,50773,Tarantula FC,Pak Tam Rashid,5,1046751,1046751,3525017.0,CASUAL,31,6,15,5583724|4033858|4315151|2645601|1046751,1723|2096|2039|2214|2186
486,36436,Haziq,Dzakwan Haziq,5,2014043,5988083,6090888.0,CASUAL,31,6,15,8217510|2014043|6462674|7772130|5988083,-88|2089|1899|1751|1896
487,37925,Qayra,Qayra Faqihah,6,2336915,3771776,5779278.0,CASUAL,31,6,15,8176127|2423354|10414798|7552696|2336915|3771776,217|2041|1327|1771|2236|2015
488,43651,Ziqri,Dzaki Ziqri,2,8850056,11008683,9929370.0,CASUAL,31,6,20,8850056|11008683,1658|1521
489,853987,CD Tenerife,aman damai,2,6350056,6350056,8855264.0,CASUAL,31,6,20,11360472|6350056,317|1876
490,851472,CD Eldense,aman damai,2,7931729,7931729,9642526.0,CASUAL,31,6,20,11353322|7931729,340|1782
491,849406,CD Leganes,aman damai,2,7366163,7366163,9346998.0,CASUAL,31,6,20,11327833|7366163,405|1817
492,2845557,wubla fc,Aqil Rizal,2,3409944,4087037,3748490.0,CASUAL,31,6,20,3409944|4087037,2162|1998
493,1008386,Straw Hat Crew,Adriyan Abdillah,5,1165399,6113130,3081558.0,CASUAL,31,6,15,1165399|1708302|2899979|3520981|6113130,2205|2283|2147|2154|1889
494,1684566,Karl Afiq...,Syafiq Aziz,7,1835085,2265365,2583083.0,CASUAL,31,6,15,2000073|1835085|3028567|2157755|2341471|4453262|2265365,1991|2084|1975|2244|2188|2087|2100
495,74505,Otailegend71sc,Hakim The Legendary Otai,9,1686206,2924782,3006324.0,CASUAL,31,6,15,4818478|1686206|3320587|2750049|2016967|4523964|2715313|2300573|2924782,1480|2017|1881|1987|2089|2058|2161|2239|2062
496,223801,GLONAT ft,Jalaq L89,6,2256257,2371170,6077506.0,CASUAL,31,6,15,7982176|2256257|9897811|9677452|4280170|2371170,648|2060|1477|1462|2100|2094
497,1166589,OlaBola,Ahmad Danish,2,1305618,1305618,1476318.0,CASUAL,31,6,20,1647019|1305618,2288|2165
498,2215439,Sir Wattana United,MAriff MTayeb,2,3980902,3980902,4259324.0,CASUAL,31,6,20,4537745|3980902,2081|2004
499,202328,DESA PULAI,Afizi Fizzy,6,3168009,12769019,8283120.0,CASUAL,31,6,15,7579673|4539213|3168009|10487935|11154869|12769019,183|1795|1961|871|709|639
500,169057,KLXWAWAN9,Ansar Wawan,5,3706327,3753136,5007293.0,CASUAL,31,6,15,7566745|3827427|3706327|6182828|3753136,1473|2112|2087|1934|2016
501,2172115,CCCR FC,Casca Rynno,6,2399728,2852741,3507798.0,CASUAL,31,6,15,2399728|2609562|5811133|3936691|3436930|2852741,2023|2020|1954|2069|2160|2066
502,140380,Shagan FC,Usha Sasa,5,2265227,5841942,3711013.0,CASUAL,31,6,15,2265227|3661684|2465882|4320328|5841942,2059|2125|2179|2097|1904
503,1639964,Eze Comes Eze Go,Irfan Najmi,5,2514799,7045237,4451308.0,CASUAL,31,6,15,2514799|4242412|4378567|4075523|7045237,2031|2080|2034|2115|1836
504,693520,JEBAT 3,Matt Ipin,5,1677522,2032560,3342164.0,CASUAL,31,6,15,3066269|1677522|5438368|4496099|2032560,1954|2132|1984|2084|2115
505,167717,Bandong KMS FC,Zachariah Idrus,2,7852272,7852272,8664224.0,CASUAL,31,6,20,9476177|7852272,1573|1787
506,797501,Galaxy Frontiers FC,Rashid Hussin,16,1003757,1003757,2618909.0,CASUAL,31,6,15,1044977|2006263|1048483|2236333|1624819|2792771|2150910|4154476|4726854|4699269|5264041|3292878|2218844|2627695|1010174|1003757,1695|1494|1788|1627|1699|1536|1752|1615|1700|1762|1704|1948|2239|2167|2346|2190
507,1329577,Kilat Emas United,Badrul Mamat,5,1474759,6474252,5470607.0,CASUAL,31,6,15,1474759|2390449|7170991|9842583|6474252,2159|2225|1804|1508|1869
508,305484,Vios Pari FC,Tigerbukh85 Masri,2,5399803,5399803,5441274.0,CASUAL,31,6,20,5482744|5399803,2002|1928
509,321049,Vios Keli FC,Acxp Fikri,2,6188346,6188346,7661341.0,CASUAL,31,6,20,9134336|6188346,1622|1885
510,332957,Vios Jerung FC,Muhammad Asyraf Fikri,2,6484181,6632568,6558374.0,CASUAL,31,6,20,6484181|6632568,1904|1860
511,823505,Markisa RAJA SEM,rajas eman,6,3738372,12673745,7793516.0,CASUAL,31,6,15,6600796|6545656|3738372|9864746|7337784|12673745,1493|1618|2119|1395|1817|791
512,748031,Jambu OVERA,Raj Mz,2,7896268,12726720,10311494.0,CASUAL,31,6,20,7896268|12726720,1761|713
513,745223,Limau OVER,Raj Mz,2,11189610,12766241,11977926.0,CASUAL,31,6,20,11189610|12766241,656|644
514,771516,Mangga RAJA,Roy King,5,4468978,12619877,7829796.0,CASUAL,31,6,15,8984194|4468978|6123481|6952452|12619877,501|2062|1890|1856|855
515,768694,Tembikai RA,roy laba,5,1485005,12679692,6916711.0,CASUAL,31,6,15,9006156|5897383|5515319|1485005|12679692,445|1947|1940|2302|783
516,751908,Naga OVERAL,king seman,6,3802563,12734668,7765068.0,CASUAL,31,6,15,7578186|7207274|3802563|8236048|7031671|12734668,1141|1531|2114|1705|1848|700
517,820283,Ciku RAJA SE,Raja Mz,2,7935313,12753234,10344274.0,CASUAL,31,6,20,7935313|12753234,1757|668
518,1162350,Gorginna Oms,Raja Huss,2,3493597,6383970,4938784.0,CASUAL,31,6,20,3493597|6383970,2156|1874
519,1158581,Cikkoro Oms,Raz mz,5,3164105,3164105,6698424.0,CASUAL,31,6,15,9045684|11279906|6699335|3303092|3164105,337|444|1843|2169|2048
520,1430699,MKI PFL SEVEN,Al Ukail Khalid,5,1718871,2810424,3337973.0,CASUAL,31,6,15,1718871|3326297|6074388|2759886|2810424,2126|2151|1894|2206|2068
521,1431879,MKI FPL NINE,Azmira Saidun,6,3007744,5929151,4271909.0,CASUAL,31,6,15,6341980|3450569|3043248|3858762|3007744|5929151,1541|1932|2173|2075|2189|1899
522,1433230,MKI FPL DIX,MOKHALID KHALMIRA,6,1085860,4625555,2708167.0,CASUAL,31,6,15,1085860|1307469|3262732|2829246|3138139|4625555,2175|2183|2156|2152|2180|1969
523,1293987,History Makers,Fairus Hamzah,2,10464419,11625843,11045131.0,CASUAL,31,6,20,10464419|11625843,1327|1418
524,1292224,Mr K,Son Goku,2,10931806,12285271,11608538.0,CASUAL,31,6,20,10931806|12285271,992|1163
525,1287441,YippiEL,M K,5,2986779,11926802,8617082.0,CASUAL,31,6,15,8218449|9126725|10826654|2986779|11926802,-208|-228|71|2191|1337
526,68840,BUNGA PADI,NUR ALIA NABILA HANAFI,7,2895277,8537069,5597256.0,CASUAL,31,6,15,7462909|5581612|4736790|6206776|2895277|3760356|8537069,468|1660|1807|1921|2147|2137|1742
527,1066021,BUNGA ORKID,SALBIAH IDRIS,8,1853676,7612185,4987676.0,CASUAL,31,6,15,1853676|6992636|2789739|3669754|4211002|5927546|6844873|7612185,2002|1209|1982|1910|2082|1906|1867|1802
528,643974,BUNGA RAYA,HANAFI BIN ALI,5,2254293,8285489,4853232.0,CASUAL,31,6,15,4325798|2254293|4078070|5322511|8285489,1846|2236|2058|2016|1759
529,709081,Bellidda Oms,rajas MZrose,5,3153549,4216268,6407473.0,CASUAL,31,6,15,9060120|11280287|4327139|3153549|4216268,288|443|2038|2179|1991
530,5929914,KELAUT SUDAH,Mohd Faizal,9,657911,12740550,3834888.0,CASUAL,30,10,10,657911|866753|5492271|1177102|1406833|2754842|5503723|3914008|12740550,1989|2040|1676|2163|2169|2196|1941|2126|690
531,1143714,zidane's,Che Suffian,10,521635,2004083,1493465.0,CASUAL,30,10,10,4148618|1297516|776153|751631|1173717|521635|1045484|1320405|1895412|2004083,1076|1985|2109|2121|2164|2334|2350|2272|2269|2117
532,2790078,Teisar FC,mohd izwan,6,974676,1528293,4223971.0,CASUAL,30,10,10,7986646|9046688|2489584|974676|3317940|1528293,641|334|2217|2307|2168|2149
533,4766420,kembara,hiruma yoichi,5,696259,3664292,5166063.0,CASUAL,30,10,10,8785832|696259|10533589|2150341|3664292,895|2394|798|2250|2021
534,709489,STK United,Sri Krishna,4,511118,511118,6085710.0,CASUAL,30,13,10,11304130|10236277|2291314|511118,377|1158|2239|2242
535,1673468,Kalabu Malami,B40 Metallurgical,5,896911,2572906,4927437.0,CASUAL,30,10,10,8994181|2058256|10114929|896911|2572906,475|2253|1258|2359|2082
536,156962,TEAM MEDICAL DRAGON,DR BUYA,8,739534,1877826,2317373.0,CASUAL,30,10,10,6027246|2888591|771973|1460481|739534|977399|3795936|1877826,853|1916|2221|2161|2388|2307|2135|2125
537,3958246,World Class FC,Ultimate Dream Team,2,899517,2448684,1674100.0,CASUAL,30,10,15,899517|2448684,2358|2089
538,2025172,Neslo Horlick FC,Halim Rashid KTBFFH,7,728907,1032923,2673754.0,CASUAL,30,10,10,2445741|3449517|3839808|1443623|728907|5775760|1032923,1847|1867|1838|2130|2285|1957|2188
539,3795217,MIRA MODERNO,Mira L2S,6,960808,3164807,3604945.0,CASUAL,30,10,10,7974458|960808|3545404|4013053|1971139|3164807,660|2240|2134|2063|2263|2048
540,4133182,EJAKULASI PRAMATANG,EM NAZZRIES,5,917142,6874098,4231459.0,CASUAL,30,10,10,9096920|917142|2189131|2080004|6874098,146|2365|2200|2255|1846
541,4795791,Elite 50,Sun lee Chung,3,958673,958673,4351048.0,CASUAL,30,13,10,10394304|1700166|958673,993|2284|2194
542,83911,BARRI FC,Abdul Barri,9,907468,3131708,3398708.0,CASUAL,30,10,10,5702776|4860186|7383647|907468|2165731|1580934|3507063|1348863|3131708,624|1674|594|2201|2071|2295|2102|2314|2050
543,3125491,THE CHALLENGER,MRIZ ABDULLAH,15,715724,4700528,3075882.0,CASUAL,30,10,10,1252211|1134992|715724|1413191|2249794|1325811|1683715|2347753|3423942|5532687|5512526|7903600|3535906|3405844|4700528,1699|1770|2082|1742|1692|1875|1939|1962|1872|1667|1730|1763|2100|2162|1965
544,51841,Areca City,Daeng Parani,7,554499,5474087,5530490.0,CASUAL,30,10,10,7371868|554499|1057286|6846256|6664740|10744691|5474087,618|2259|2223|1865|1846|1166|1924
545,37241,Qisya,Nurin Qisya,5,512133,3480578,3169291.0,CASUAL,30,10,10,8217892|512133|1341072|2294780|3480578,-130|2336|2318|2192|2031
546,35641,Iqwan,Dzakrul Iqwan,5,872768,2712933,3115747.0,CASUAL,30,10,10,8219325|891430|2882279|872768|2712933,-390|2252|2186|2319|2074
547,26272,FPLameena,IDB 17,5,857851,12393958,4793270.0,CASUAL,30,10,10,857851|2058327|1917768|6738445|12393958,2259|2253|2221|1878|1077
548,139280,KLXBOSSAN,Ansar Bensawi,6,904801,4288672,3204298.0,CASUAL,30,10,10,7100572|904801|1820265|1927212|3184268|4288672,1374|2250|2273|2220|2177|1987
549,693087,JEBAT 1,Matt Ipin,10,629212,1486793,2199987.0,CASUAL,30,10,10,629212|1128733|1512893|1795868|1931100|648122|1468455|5819481|5579217|1486793,1995|2006|2032|2009|2074|2303|2306|1915|1993|2152
550,1416392,Dabai@Niah13,Andrew Nor,2,711181,2186369,1448775.0,CASUAL,30,10,15,711181|2186369,2381|2105
551,759134,Straberri  R,kimanto tree,6,845889,12731535,4991948.0,CASUAL,30,10,10,6995633|2189038|845889|1513452|5676141|12731535,1206|2046|2261|2301|1984|705
552,2386801,Pick&Win,Pick- Win,3,434499,1272325,3985896.0,CASUAL,29,17,5,10250865|434499|1272325,1145|2422|2168
553,2288805,TEAM KUAT,KUN ZAROL,3,122758,7355481,2796659.0,CASUAL,29,17,5,911737|122758|7355481,2366|2502|1817
554,1153553,Snapdragon FC,Kogi 5025,3,3060182,12378702,8664910.0,CASUAL,28,6,15,10555846|3060182|12378702,759|2186|1090
555,5235395,New Era Team,Deannho YNWA,4,2213743,2351729,3669788.0,CASUAL,28,6,15,7295995|2213743|2817685|2351729,1305|2198|2202|2095
556,3824791,TIADA BAKI,Brotherhood Anfield,3,1820120,6806812,4336072.0,CASUAL,28,6,15,4381285|1820120|6806812,2034|2275|1850
557,2693089,Langsat FC,Farid Teh,4,3413877,5931616,5564538.0,CASUAL,28,6,15,8341693|3413877|4570964|5931616,1715|2109|2078|1899
558,2691077,Durian FC,Farid Kamaruddin,4,1057108,2848302,4189200.0,CASUAL,28,6,15,6999969|1057108|5851419|2848302,1851|2298|1967|2066
559,324454,SNAIL RIVER FC,Mohanad Nazrul,4,1027409,11935585,7011952.0,CASUAL,28,6,15,1027409|8485844|6598969|11935585,2352|1677|1892|1334
560,2918156,~D'BlackParade~,John Marshall,4,1479956,1479956,2940626.0,CASUAL,28,6,15,2262908|4186294|3833344|1479956,2235|2049|2132|2152
561,886715,FC Kucing Mabok,Apexxo APEXXO,2,913017,913017,5998364.0,CASUAL,28,13,10,11083710|913017,809|2199
562,1175098,Duchi,Grunge Metal,4,2554341,3066802,4183258.0,CASUAL,28,6,15,6781294|4330593|2554341|3066802,1870|2038|2221|2054
563,58216,KINDER BEUNO,Mr Don,4,4281727,10062184,7982016.0,CASUAL,28,6,15,10483631|4281727|7100523|10062184,1299|2042|1841|1622
564,79832,RIBENA,Old Is Gold,4,3786790,3786790,6515360.0,CASUAL,28,6,15,11327090|4770592|6176969|3786790,304|2002|1935|2014
565,1670108,Silver Eagles,Nozel Silva,2,645804,645804,5963596.0,CASUAL,28,13,10,11281387|645804,497|2226
566,3770374,joaxoxo,you knowme,3,1066295,1758251,1805922.0,CASUAL,28,6,15,2593219|1066295|1758251,2170|2341|2133
567,663663,NJ SPORT,NORIMAN JAAFAR,4,2626436,4272500,6743457.0,CASUAL,28,6,15,9127088|2626436|10947805|4272500,-348|2206|974|1988
568,2465923,Brand New Day,Kian Moi,4,1835109,6344055,7154925.0,CASUAL,28,6,15,11135284|9305253|1835109|6344055,742|1554|2273|1876
569,164247,Mancikyam,Hulwan Humaidi Abdul Rauf,3,1120169,1120169,3892937.0,CASUAL,28,6,15,6563649|3994993|1120169,1890|2121|2180
570,3192958,Kamen FC,Hasif Zakaria,4,1759511,1759511,3799848.0,CASUAL,28,6,15,4786302|4355153|4298424|1759511,2037|2036|2099|2133
571,1157995,ONG KIM SWEE,ONG KIM SWEE,3,3637019,6004685,6770355.0,CASUAL,28,6,15,10669360|3637019|6004685,548|2146|1895
572,698566,Vinsmokezz,Syafiq Ismail,4,2707055,10875222,5753022.0,CASUAL,28,6,15,4471129|2707055|4958684|10875222,1783|2009|1986|1538
573,150682,Alor Pari FC,aman damai,4,1357880,1357880,2040121.0,CASUAL,28,6,15,2043859|3216889|1541857|1357880,2254|2124|2297|2161
574,229211,Wakaka ft,jalaq LR,4,2094712,2094712,4598183.0,CASUAL,28,6,15,3663319|5096375|7538325|2094712,2125|1975|1797|2111
575,2182491,Truckers fc,Maldini Uda,4,1010335,4130164,2808531.0,CASUAL,28,6,15,3442647|2650978|1010335|4130164,1933|2204|2303|2111
576,160892,KLXAPACHEE99,Ansar Sereng,4,1413619,4515713,2697102.0,CASUAL,28,6,15,3186731|1413619|1672344|4515713,1959|2263|2286|1975
577,124786,LMV 1701,Vakshan Logan,3,2608469,2608469,4602222.0,CASUAL,28,6,15,7749700|3448496|2608469,1753|2159|2080
578,285058,Velaga VI FC,Zaidr Bilong,3,1016200,1016200,2447986.0,CASUAL,28,6,15,4181723|2146034|1016200,2050|2250|2189
579,263158,Velaga XI FC,Zach Idrus,3,3661076,3661076,5692387.0,CASUAL,28,6,15,8865165|4550921|3661076,1628|2080|2021
580,289683,Vios Orga FC,Tigerbukh Masrimoh,4,2769141,4633413,6366569.0,CASUAL,28,6,15,11345153|2769141|6718569|4633413,227|2157|1880|1969
581,1712539,elmachos,kvara hazli,4,1975486,2127946,3835091.0,CASUAL,28,6,15,6722779|4514153|1975486|2127946,1876|2023|2263|2109
582,755730,Belimbing OVERALL,seman kin,4,2917895,12751522,7078356.0,CASUAL,28,6,15,2917895|4532730|8111276|12751522,1987|2057|1739|671
583,816938,Longan  RAJA S,rajas mz,4,4741830,4741830,7924422.0,CASUAL,28,6,15,8963929|6812594|11179337|4741830,552|1868|672|1963
584,1161612,Faradilla Oms,Raj Mrose,4,1160881,1160881,6427719.0,CASUAL,28,6,15,8910581|9725683|5913731|1160881,677|1513|1961|2177
585,714051,Duku OVE,Raj MZmin,4,3437444,3437444,6840026.0,CASUAL,28,6,15,9064647|11308691|3549322|3437444,272|364|2152|2033
586,234616,MakKoHijauuu,林 良全,4,3793220,3793220,6380119.0,CASUAL,28,6,15,9932790|6087630|5706836|3793220,1469|1893|1981|2014
587,371274,Modernwifey,Modern Wifey,4,555154,12093514,5980624.0,CASUAL,27,10,10,9958092|555154|1315738|12093514,1463|2363|2317|1272
588,2166391,Jentera Pemusnah,Rock Kapok,4,569117,5455219,6862351.0,CASUAL,27,10,10,11179974|10245094|569117|5455219,660|1151|2401|1925
589,3695669,Louis's Team,Louis Philip,3,968748,5709690,3103817.0,CASUAL,27,10,10,2633012|968748|5709690,2167|2351|1911
590,732717,ScriptX XI,Mohamad Haafiz,4,677062,3641777,1521224.0,CASUAL,27,10,10,677062|1000485|765573|3641777,2397|2304|2374|2022
591,131073,Enzopreneur,Enzo Fernandez,3,592745,1468714,1866566.0,CASUAL,27,10,10,592745|3538238|1468714,2357|2153|2153
592,2789892,One Piece 235,izwan radzi,7,1165894,8723766,5159775.0,CASUAL,26,6,10,2302763|1509391|1304723|11296776|9815111|1165894|8723766,1965|2122|2184|398|1415|2331|1729
593,6546223,Newton Heath,Kogilan 5025,5,1380584,6719579,4912186.0,CASUAL,26,6,10,1380584|1848785|3734115|10877866|6719579,2173|2271|2085|1049|1855
594,6546413,Ineos FC,Everard Access,7,1260925,3335310,3945853.0,CASUAL,26,6,10,1260925|3504629|3081323|2505429|10551467|3381889|3335310,2061|1909|1970|2216|767|2164|2039
595,5645587,Lumongui fc,Hendry Qeyruk,2,1002001,1002001,1591662.0,CASUAL,26,6,15,2181324|1002001,2247|2190
596,4767808,generasi,Budak Jetty,2,4838733,4838733,7476353.0,CASUAL,26,6,15,10113973|4838733,1445|1958
597,63883,IZZ ZAKI,Izz Zaki,6,1617119,2490952,5617155.0,CASUAL,26,6,10,8061351|1617119|11068400|8503404|1961706|2490952,496|2140|845|1675|2264|2087
598,704035,ONEPUNCHMAN,ANGELA 83,10,1115613,12905901,5214799.0,CASUAL,26,6,10,4217982|1115613|1382613|2976855|2327821|2224265|3098154|10697715|11201075|12905901,933|2008|2044|1909|2031|2064|2169|489|638|344
599,650997,Harry Fly,Harry Potter,6,1265859,3258537,3034436.0,CASUAL,26,6,10,7979344|1948316|2441744|1265859|1312819|3258537,652|2097|2221|2277|2317|2043
600,186492,RABAI RETUK XI,Haafiz Mohamad,5,1030341,1030341,2102928.0,CASUAL,26,6,10,1357394|1069748|2292098|4765060|1030341,2176|2347|2192|2063|2188
601,389706,ZUS UNITED,Hulu Perak,2,4703034,4703034,7985047.0,CASUAL,26,6,15,11267060|4703034,524|1965
602,383644,XRP CITY,Fraser Hill,2,4178333,4178333,7731932.0,CASUAL,26,6,15,11285531|4178333,489|1993
603,656003,RK7982,Owner Exora,7,1238812,12275268,4342358.0,CASUAL,26,6,10,7340387|1977166|1238812|2921191|2605007|2038677|12275268,687|2069|2194|2183|2169|2258|1170
604,2168343,Aim for the Stars,Yom Dedeen,1,526123,526123,526123.0,CASUAL,26,13,10,526123,2240
605,35009,Mak Tersayang,Mazlan Hasbullah,11,1409321,12050297,5021340.0,CASUAL,26,6,10,2262123|1409321|2777119|5181872|2758058|3673195|3067621|3317809|7970864|10766456|12050297,1689|1863|1805|1594|1927|1891|1971|2152|1732|1149|1291
606,445351,TUDAN FC,FLARRY JEFFERY,6,1115299,1220243,3380755.0,CASUAL,26,6,10,7969191|1862655|5704706|2412438|1115299|1220243,668|2108|1963|2183|2336|2172
607,852665,CD Castellon,aman damai,2,2980868,2980868,7163304.0,CASUAL,26,6,15,11345741|2980868,362|2058
608,1161264,1Tick1,Rivaldo Ifwat,2,2080929,2080929,3223308.0,CASUAL,26,6,15,4365687|2080929,2094|2112
609,1960681,Cha'aa Fc,Jabar Imam Mael,1,563642,563642,563642.0,CASUAL,26,13,10,563642,2401
610,1880613,Wraith King,Hafiz Fitri,2,2688912,2688912,4545662.0,CASUAL,26,6,15,6402412|2688912,1912|2075
611,164782,KLXREDLINE66,Arelan Redline,5,1560327,4591323,4002483.0,CASUAL,26,6,10,8361062|3712260|1560327|1787445|4591323,1265|2121|2250|2277|1971
612,182344,TA24FC,Hassan Fared,2,2940469,2940469,7092248.0,CASUAL,26,6,15,11244028|2940469,566|2061
613,42903,Super JoJo,Ball Moon -KICKERS-,1,664772,664772,664772.0,CASUAL,26,13,10,664772,2224
614,694375,JEBAT 4,Matt Ipin,2,1213391,1213391,2165315.0,CASUAL,26,6,15,3117239|1213391,2182|2173
615,693367,JEBAT 2,Matt Ipin,2,4536286,4536286,7049494.0,CASUAL,26,6,15,9562702|4536286,1559|1974
616,741063,Rambai OV,ki manse,7,1735925,12689769,5101157.0,CASUAL,26,6,10,5030698|1735925|5098298|2390241|4481309|4281856|12689769,1635|2015|1726|2045|2061|2100|769
617,737665,Rambutan O,rajes em,10,1348665,2967131,3395908.0,CASUAL,26,6,10,1348665|2158554|2217632|4934976|1725967|2496241|2980201|2612366|10517346|2967131,1872|1883|1973|1739|2097|2033|2178|2168|1303|2059
618,1461050,すろん fおおtばll ∆FC,Pressly Bily,1,623329,623329,623329.0,CASUAL,26,13,10,623329,2229
619,994185,BUNGA KERTAS,NAJWA HANAFI,5,1208010,9646051,4674587.0,CASUAL,26,6,10,5907996|2976303|1208010|3634574|9646051,1689|2178|2282|2146|1659
620,675897,Anaconda Oms,rajes MZ,5,1093642,6400516,6117473.0,CASUAL,26,6,10,9046001|11296108|1093642|2751099|6400516,336|400|2294|2207|1873
621,3062599,TENGGELAM TIMBUL,MOHD FAIZAL BAMZA,5,675884,12534293,3222734.0,CASUAL,25,10,5,976547|739741|675884|1187203|12534293,2237|2388|2345|2329|944
622,176846,b1409,m. hazree,2,539407,2810424,1674916.0,CASUAL,25,10,10,539407|2810424,2405|2068
623,25158,FPLivy,Iman De Bruyne,6,721928,12245529,3998424.0,CASUAL,25,10,5,5736419|748542|1146694|3391434|721928|12245529,1637|2281|2339|2111|2380|1190
624,106560,Lela&Rentaka FC,Verghese Philip,4,1660255,5100901,4462275.0,CASUAL,23,6,10,9295186|1660255|1792757|5100901,1589|2242|2277|1944
625,2692452,Manggis FC,Farid Teh,4,2773294,3753642,5134341.0,CASUAL,23,6,10,11055281|2955148|2773294|3753642,863|2143|2205|2016
626,4780155,Double Alpha,Chung Sun lee,3,1809642,1809642,4669874.0,CASUAL,23,6,10,10386950|1813031|1809642,1002|2275|2129
627,4786753,the SHARP Edge,Lucas Mason,3,1096152,1096152,4584503.0,CASUAL,23,6,10,10376746|2280612|1096152,1014|2240|2182
628,4766464,FPL Machine,WOI LOON LIM,3,1649339,2316677,4698184.0,CASUAL,23,6,10,10128537|1649339|2316677,1248|2288|2097
629,2581618,DSFC,Iskandar Ramlan,4,1447654,1543246,3335347.0,CASUAL,23,6,10,1980539|8369950|1447654|1543246,2259|1690|2305|2148
630,3229032,Northern Ranger FC,KESHAVENN JI,3,1067228,3118629,4974617.0,CASUAL,23,6,10,10737995|1067228|3118629,386|2341|2051
631,199227,TITI CHAI FC,Warga TTC,4,835035,2016206,3671663.0,CASUAL,22,10,5,10563063|835035|1272348|2016206,1263|2324|2321|2116
632,4766894,phoenixbangkit,Foreman Laut,2,1810569,1810569,5891418.0,CASUAL,21,6,10,9972266|1810569,1480|2129
633,1830640,AzanWay FC,Rizi Fntasy,2,2195982,2195982,6809476.0,CASUAL,21,6,10,11422969|2195982,62|2105
634,1670965,Blue Rose Knights,Charlotte Roselei,2,2176938,2176938,6748426.0,CASUAL,21,6,10,11319914|2176938,422|2106
635,386631,YTL RANGERS,Gua Musang,2,2484306,2484306,6889657.0,CASUAL,21,6,10,11295008|2484306,471|2087
636,921340,ANR,Asyraf Nashran,1,1500173,1500173,1500173.0,ROOKIE,19,6,10,1500173,2151
637,6616936,Hentam Keromo,Raziman 9032,1,11232653,11232653,11232653.0,ROOKIE,19,6,10,11232653,1489
638,1414002,Singarung Fc,florencius davy yatam,1,2944533,2944533,2944533.0,ROOKIE,19,6,10,2944533,2060
639,5091931,BiruFT,Mija M,1,3581022,3581022,3581022.0,ROOKIE,19,6,10,3581022,2025
640,4528521,POWER FC,HAMDAN SUKRI,1,3381887,3381887,3381887.0,ROOKIE,19,6,10,3381887,2036
641,5913339,SB Advisory,Shahrir Bahar,1,4091570,4091570,4091570.0,ROOKIE,19,6,10,4091570,1998
642,207107,WinningEleven FC,Amani Azahari,1,6978804,6978804,6978804.0,ROOKIE,19,6,10,6978804,1840
643,4040473,Annihilation FC,Ash Verse,1,2657511,2657511,2657511.0,ROOKIE,19,6,10,2657511,2077
644,5935522,FND FC,Affendy Ariffin,1,1576704,1576704,1576704.0,ROOKIE,19,6,10,1576704,2145
645,1660182,The Reds Fighter FC,Rashid Bahar,1,7595793,7595793,7595793.0,ROOKIE,19,6,10,7595793,1803
646,81193,REMBAYUNG FC,Sazwan Mus,1,12758175,12758175,12758175.0,ROOKIE,19,6,10,12758175,659
647,2359200,Seventeen FC,Fariseventeen 17,1,2197936,2197936,2197936.0,ROOKIE,19,6,10,2197936,2104
648,1640568,Menaning007,Ademond Suring,1,12639161,12639161,12639161.0,ROOKIE,19,6,10,12639161,833
649,67766,TOFILUK,Bad Boyz,1,12803328,12803328,12803328.0,ROOKIE,19,6,10,12803328,571
650,65069,KIT-KAT,Nur Chamma,1,12793079,12793079,12793079.0,ROOKIE,19,6,10,12793079,592
651,1679576,Green Mantis,Jack The Ripper,1,12931860,12931860,12931860.0,ROOKIE,19,6,10,12931860,272
652,3436777,palasubri,Mikhail Rayyan,1,4893995,4893995,4893995.0,ROOKIE,19,6,10,4893995,1955
653,18085,ANACONDA,mohd set,1,1731035,1731035,1731035.0,ROOKIE,19,6,10,1731035,2135
654,1928367,shaaa man utd,Mohd Shahhh,1,4309599,4309599,4309599.0,ROOKIE,19,6,10,4309599,1986
655,3627284,uiko Over one,Durian Ochee,1,12795574,12795574,12795574.0,ROOKIE,19,6,10,12795574,587
656,3627350,Viko Over Two,Pesanan Terakhir,1,12782059,12782059,12782059.0,ROOKIE,19,6,10,12782059,614
657,3627404,Wiko Over Three,Padang Pasir,1,12767353,12767353,12767353.0,ROOKIE,19,6,10,12767353,642
658,3627470,Yiko Over Four,World Cup,1,12730860,12730860,12730860.0,ROOKIE,19,6,10,12730860,706
659,3627522,Ziko Over Five,Lee Chong Wei,1,12732121,12732121,12732121.0,ROOKIE,19,6,10,12732121,704
660,96849,GEMUK5243,Nriey Wau,1,7546025,7546025,7546025.0,ROOKIE,19,6,10,7546025,1806
661,164975,Liberty city,Trevor Plilip noah,1,1391772,1391772,1391772.0,ROOKIE,19,6,10,1391772,2159
662,40940,Putra's Team,Putra Q,1,2065756,2065756,2065756.0,ROOKIE,19,6,10,2065756,2113
663,733224,Star Cougar,King F,1,7931897,7931897,7931897.0,ROOKIE,19,6,10,7931897,1782
664,2364373,always lose,Come back Later,1,2917856,2917856,2917856.0,ROOKIE,19,6,10,2917856,2062
665,2604036,Saudagar_puyuh,Hisyam Halil,1,9041156,9041156,9041156.0,ROOKIE,19,6,10,9041156,1706
666,3375726,Tier Harribel,Luke shaw,1,11553730,11553730,11553730.0,ROOKIE,19,6,10,11553730,1432
667,3375187,Baragan Louisenbairn,Lenny yoro,1,11553730,11553730,11553730.0,ROOKIE,19,6,10,11553730,1432
668,3323212,Lilynette Gingerbuck,As Ko,1,5974767,5974767,5974767.0,ROOKIE,19,6,10,5974767,1896
669,3322725,Coyote Starrk,Amey Ko,1,6300028,6300028,6300028.0,ROOKIE,19,6,10,6300028,1878
670,3391893,DEANGOAT,syfwn arff,1,12391729,12391729,12391729.0,ROOKIE,19,6,10,12391729,1079
671,1628220,Top of the World FC,Nadzrul Giovanna,1,3553103,3553103,3553103.0,ROOKIE,19,6,10,3553103,2027
672,1427594,LUNCUR MENDUNIA,LUNCUR MENDUNIA,1,12931512,12931512,12931512.0,ROOKIE,19,6,10,12931512,274
673,1418539,NEMESIS,Merle Vanstraten,1,2717490,2717490,2717490.0,ROOKIE,19,6,10,2717490,2073
674,2018907,Reddevil,Byron Yeo,1,3140008,3140008,3140008.0,ROOKIE,19,6,10,3140008,2049
675,1422104,SCISSOR SEVEN FC,Mat Deen,1,1458017,1458017,1458017.0,ROOKIE,19,6,10,1458017,2154
676,2030202,HAMBA ALLAH 5,Apis Kim,1,12730869,12730869,12730869.0,ROOKIE,19,6,10,12730869,706
677,2029506,HAMBA ALLAH 2,Mior Ashman,1,12625196,12625196,12625196.0,ROOKIE,19,6,10,12625196,849
678,2009607,Pigeon,Hanif Irfan,1,12804237,12804237,12804237.0,ROOKIE,19,6,10,12804237,569
679,1937682,ANAK SYURGA 2,surat khabar,1,12649525,12649525,12649525.0,ROOKIE,19,6,10,12649525,821
680,1933248,ANAK SYURGA 1,bara api,1,12707673,12707673,12707673.0,ROOKIE,19,6,10,12707673,743
681,694508,JEBAT 5,Matt Ipin,1,12545967,12545967,12545967.0,ROOKIE,19,6,10,12545967,932
682,1212341,Kelip-Kelip,Alchey Mey,1,11393702,11393702,11393702.0,ROOKIE,19,6,10,11393702,1463
683,89276,IBUKU SYURGAKU,JAI GOLD,1,9718468,9718468,9718468.0,ROOKIE,19,6,10,9718468,1653
684,737361,I paling Hensemm,Jin Young Ang,1,12052676,12052676,12052676.0,ROOKIE,19,6,10,12052676,1290
685,742090,No Maguire No Party,Ian Kenny,1,12324435,12324435,12324435.0,ROOKIE,19,6,10,12324435,1134
686,137607,Roger and Out,Morgan Rogers,4,1038095,2252694,4062001.0,ROOKIE,18,6,5,11268098|1038095|1689116|2252694,473|2300|2285|2101
